Entity,Code,Year,death_count - Cause: Self-harm - Sex: Both sexes - Age_group: ALLAges
Afghanistan,AFG,2000,1020
Afghanistan,AFG,2001,1088
Afghanistan,AFG,2002,1131
Afghanistan,AFG,2003,1172
Afghanistan,AFG,2004,1243
Afghanistan,AFG,2005,1275
Afghanistan,AFG,2006,1298
Afghanistan,AFG,2007,1300
Afghanistan,AFG,2008,1279
Afghanistan,AFG,2009,1245
Afghanistan,AFG,2010,1245
Afghanistan,AFG,2011,1241
Afghanistan,AFG,2012,1251
Afghanistan,AFG,2013,1293
Afghanistan,AFG,2014,1312
Afghanistan,AFG,2015,1366
Afghanistan,AFG,2016,1420
Afghanistan,AFG,2017,1473
Afghanistan,AFG,2018,1508
Afghanistan,AFG,2019,1573
Albania,ALB,2000,154
Albania,ALB,2001,141
Albania,ALB,2002,144
Albania,ALB,2003,150
Albania,ALB,2004,149
Albania,ALB,2005,230
Albania,ALB,2006,238
Albania,ALB,2007,245
Albania,ALB,2008,246
Albania,ALB,2009,241
Albania,ALB,2010,231
Albania,ALB,2011,231
Albania,ALB,2012,151
Albania,ALB,2013,153
Albania,ALB,2014,143
Albania,ALB,2015,137
Albania,ALB,2016,135
Albania,ALB,2017,135
Albania,ALB,2018,130
Albania,ALB,2019,125
Algeria,DZA,2000,1401
Algeria,DZA,2001,1407
Algeria,DZA,2002,1396
Algeria,DZA,2003,1322
Algeria,DZA,2004,1300
Algeria,DZA,2005,1277
Algeria,DZA,2006,1242
Algeria,DZA,2007,1199
Algeria,DZA,2008,1166
Algeria,DZA,2009,1128
Algeria,DZA,2010,1089
Algeria,DZA,2011,1081
Algeria,DZA,2012,1083
Algeria,DZA,2013,1086
Algeria,DZA,2014,1074
Algeria,DZA,2015,1064
Algeria,DZA,2016,1035
Algeria,DZA,2017,1018
Algeria,DZA,2018,1048
Algeria,DZA,2019,1072
Angola,AGO,2000,1428
Angola,AGO,2001,1462
Angola,AGO,2002,1498
Angola,AGO,2003,1586
Angola,AGO,2004,1605
Angola,AGO,2005,1566
Angola,AGO,2006,1723
Angola,AGO,2007,1545
Angola,AGO,2008,1636
Angola,AGO,2009,1507
Angola,AGO,2010,1629
Angola,AGO,2011,1593
Angola,AGO,2012,1739
Angola,AGO,2013,1801
Angola,AGO,2014,1720
Angola,AGO,2015,1804
Angola,AGO,2016,1797
Angola,AGO,2017,1794
Angola,AGO,2018,1849
Angola,AGO,2019,1936
Antigua and Barbuda,ATG,2000,1
Antigua and Barbuda,ATG,2001,1
Antigua and Barbuda,ATG,2002,1
Antigua and Barbuda,ATG,2003,1
Antigua and Barbuda,ATG,2004,1
Antigua and Barbuda,ATG,2005,1
Antigua and Barbuda,ATG,2006,0
Antigua and Barbuda,ATG,2007,0
Antigua and Barbuda,ATG,2008,0
Antigua and Barbuda,ATG,2009,0
Antigua and Barbuda,ATG,2010,0
Antigua and Barbuda,ATG,2011,0
Antigua and Barbuda,ATG,2012,0
Antigua and Barbuda,ATG,2013,0
Antigua and Barbuda,ATG,2014,0
Antigua and Barbuda,ATG,2015,0
Antigua and Barbuda,ATG,2016,1
Antigua and Barbuda,ATG,2017,0
Antigua and Barbuda,ATG,2018,0
Antigua and Barbuda,ATG,2019,0
Argentina,ARG,2000,3358
Argentina,ARG,2001,3822
Argentina,ARG,2002,3860
Argentina,ARG,2003,3695
Argentina,ARG,2004,3358
Argentina,ARG,2005,3352
Argentina,ARG,2006,3380
Argentina,ARG,2007,3276
Argentina,ARG,2008,3474
Argentina,ARG,2009,3415
Argentina,ARG,2010,3495
Argentina,ARG,2011,3524
Argentina,ARG,2012,3812
Argentina,ARG,2013,3611
Argentina,ARG,2014,3951
Argentina,ARG,2015,3575
Argentina,ARG,2016,3598
Argentina,ARG,2017,3894
Argentina,ARG,2018,4066
Argentina,ARG,2019,3747
Armenia,ARM,2000,105
Armenia,ARM,2001,96
Armenia,ARM,2002,105
Armenia,ARM,2003,79
Armenia,ARM,2004,121
Armenia,ARM,2005,126
Armenia,ARM,2006,174
Armenia,ARM,2007,169
Armenia,ARM,2008,140
Armenia,ARM,2009,138
Armenia,ARM,2010,194
Armenia,ARM,2011,196
Armenia,ARM,2012,214
Armenia,ARM,2013,184
Armenia,ARM,2014,182
Armenia,ARM,2015,180
Armenia,ARM,2016,168
Armenia,ARM,2017,88
Armenia,ARM,2018,61
Armenia,ARM,2019,98
Australia,AUS,2000,2412
Australia,AUS,2001,2332
Australia,AUS,2002,2197
Australia,AUS,2003,2057
Australia,AUS,2004,2038
Australia,AUS,2005,2255
Australia,AUS,2006,2185
Australia,AUS,2007,2276
Australia,AUS,2008,2469
Australia,AUS,2009,2444
Australia,AUS,2010,2589
Australia,AUS,2011,2529
Australia,AUS,2012,2689
Australia,AUS,2013,2677
Australia,AUS,2014,2986
Australia,AUS,2015,3165
Australia,AUS,2016,2953
Australia,AUS,2017,3229
Australia,AUS,2018,3099
Australia,AUS,2019,3150
Austria,AUT,2000,1606
Austria,AUT,2001,1505
Austria,AUT,2002,1572
Austria,AUT,2003,1489
Austria,AUT,2004,1435
Austria,AUT,2005,1423
Austria,AUT,2006,1356
Austria,AUT,2007,1327
Austria,AUT,2008,1320
Austria,AUT,2009,1337
Austria,AUT,2010,1355
Austria,AUT,2011,1391
Austria,AUT,2012,1385
Austria,AUT,2013,1388
Austria,AUT,2014,1422
Austria,AUT,2015,1388
Austria,AUT,2016,1358
Austria,AUT,2017,1354
Austria,AUT,2018,1400
Austria,AUT,2019,1307
Azerbaijan,AZE,2000,253
Azerbaijan,AZE,2001,281
Azerbaijan,AZE,2002,298
Azerbaijan,AZE,2003,315
Azerbaijan,AZE,2004,362
Azerbaijan,AZE,2005,384
Azerbaijan,AZE,2006,406
Azerbaijan,AZE,2007,427
Azerbaijan,AZE,2008,418
Azerbaijan,AZE,2009,414
Azerbaijan,AZE,2010,411
Azerbaijan,AZE,2011,411
Azerbaijan,AZE,2012,406
Azerbaijan,AZE,2013,401
Azerbaijan,AZE,2014,397
Azerbaijan,AZE,2015,392
Azerbaijan,AZE,2016,389
Azerbaijan,AZE,2017,392
Azerbaijan,AZE,2018,401
Azerbaijan,AZE,2019,411
Bahamas,BHS,2000,7
Bahamas,BHS,2001,8
Bahamas,BHS,2002,7
Bahamas,BHS,2003,7
Bahamas,BHS,2004,10
Bahamas,BHS,2005,10
Bahamas,BHS,2006,11
Bahamas,BHS,2007,11
Bahamas,BHS,2008,11
Bahamas,BHS,2009,12
Bahamas,BHS,2010,13
Bahamas,BHS,2011,13
Bahamas,BHS,2012,13
Bahamas,BHS,2013,12
Bahamas,BHS,2014,12
Bahamas,BHS,2015,13
Bahamas,BHS,2016,14
Bahamas,BHS,2017,13
Bahamas,BHS,2018,14
Bahamas,BHS,2019,14
Bahrain,BHR,2000,44
Bahrain,BHR,2001,62
Bahrain,BHR,2002,68
Bahrain,BHR,2003,79
Bahrain,BHR,2004,85
Bahrain,BHR,2005,92
Bahrain,BHR,2006,78
Bahrain,BHR,2007,99
Bahrain,BHR,2008,102
Bahrain,BHR,2009,101
Bahrain,BHR,2010,102
Bahrain,BHR,2011,101
Bahrain,BHR,2012,96
Bahrain,BHR,2013,93
Bahrain,BHR,2014,99
Bahrain,BHR,2015,101
Bahrain,BHR,2016,109
Bahrain,BHR,2017,121
Bahrain,BHR,2018,134
Bahrain,BHR,2019,145
Bangladesh,BGD,2000,7712
Bangladesh,BGD,2001,7370
Bangladesh,BGD,2002,7069
Bangladesh,BGD,2003,6837
Bangladesh,BGD,2004,6659
Bangladesh,BGD,2005,6852
Bangladesh,BGD,2006,7019
Bangladesh,BGD,2007,6995
Bangladesh,BGD,2008,6819
Bangladesh,BGD,2009,6684
Bangladesh,BGD,2010,6459
Bangladesh,BGD,2011,5906
Bangladesh,BGD,2012,5539
Bangladesh,BGD,2013,5344
Bangladesh,BGD,2014,5356
Bangladesh,BGD,2015,5334
Bangladesh,BGD,2016,5357
Bangladesh,BGD,2017,5559
Bangladesh,BGD,2018,5753
Bangladesh,BGD,2019,5998
Barbados,BRB,2000,7
Barbados,BRB,2001,4
Barbados,BRB,2002,1
Barbados,BRB,2003,3
Barbados,BRB,2004,4
Barbados,BRB,2005,8
Barbados,BRB,2006,5
Barbados,BRB,2007,4
Barbados,BRB,2008,3
Barbados,BRB,2009,4
Barbados,BRB,2010,5
Barbados,BRB,2011,3
Barbados,BRB,2012,1
Barbados,BRB,2013,1
Barbados,BRB,2014,2
Barbados,BRB,2015,2
Barbados,BRB,2016,2
Barbados,BRB,2017,2
Barbados,BRB,2018,2
Barbados,BRB,2019,2
Belarus,BLR,2000,4123
Belarus,BLR,2001,4245
Belarus,BLR,2002,4316
Belarus,BLR,2003,4152
Belarus,BLR,2004,4045
Belarus,BLR,2005,4161
Belarus,BLR,2006,3896
Belarus,BLR,2007,3488
Belarus,BLR,2008,3470
Belarus,BLR,2009,3446
Belarus,BLR,2010,3382
Belarus,BLR,2011,3412
Belarus,BLR,2012,2819
Belarus,BLR,2013,2626
Belarus,BLR,2014,2483
Belarus,BLR,2015,2297
Belarus,BLR,2016,2285
Belarus,BLR,2017,2199
Belarus,BLR,2018,2155
Belarus,BLR,2019,2004
Belgium,BEL,2000,2264
Belgium,BEL,2001,2300
Belgium,BEL,2002,2168
Belgium,BEL,2003,2240
Belgium,BEL,2004,2117
Belgium,BEL,2005,2184
Belgium,BEL,2006,2150
Belgium,BEL,2007,2003
Belgium,BEL,2008,2191
Belgium,BEL,2009,2239
Belgium,BEL,2010,2244
Belgium,BEL,2011,2327
Belgium,BEL,2012,2310
Belgium,BEL,2013,2177
Belgium,BEL,2014,2181
Belgium,BEL,2015,2099
Belgium,BEL,2016,2187
Belgium,BEL,2017,2159
Belgium,BEL,2018,2142
Belgium,BEL,2019,2111
Belize,BLZ,2000,18
Belize,BLZ,2001,15
Belize,BLZ,2002,16
Belize,BLZ,2003,17
Belize,BLZ,2004,19
Belize,BLZ,2005,15
Belize,BLZ,2006,16
Belize,BLZ,2007,16
Belize,BLZ,2008,13
Belize,BLZ,2009,19
Belize,BLZ,2010,22
Belize,BLZ,2011,22
Belize,BLZ,2012,21
Belize,BLZ,2013,20
Belize,BLZ,2014,21
Belize,BLZ,2015,22
Belize,BLZ,2016,22
Belize,BLZ,2017,26
Belize,BLZ,2018,25
Belize,BLZ,2019,28
Benin,BEN,2000,602
Benin,BEN,2001,624
Benin,BEN,2002,644
Benin,BEN,2003,660
Benin,BEN,2004,682
Benin,BEN,2005,695
Benin,BEN,2006,709
Benin,BEN,2007,717
Benin,BEN,2008,717
Benin,BEN,2009,757
Benin,BEN,2010,774
Benin,BEN,2011,799
Benin,BEN,2012,810
Benin,BEN,2013,830
Benin,BEN,2014,844
Benin,BEN,2015,853
Benin,BEN,2016,873
Benin,BEN,2017,889
Benin,BEN,2018,910
Benin,BEN,2019,922
Bhutan,BTN,2000,29
Bhutan,BTN,2001,29
Bhutan,BTN,2002,29
Bhutan,BTN,2003,29
Bhutan,BTN,2004,29
Bhutan,BTN,2005,29
Bhutan,BTN,2006,29
Bhutan,BTN,2007,29
Bhutan,BTN,2008,29
Bhutan,BTN,2009,29
Bhutan,BTN,2010,29
Bhutan,BTN,2011,30
Bhutan,BTN,2012,30
Bhutan,BTN,2013,31
Bhutan,BTN,2014,32
Bhutan,BTN,2015,33
Bhutan,BTN,2016,33
Bhutan,BTN,2017,34
Bhutan,BTN,2018,35
Bhutan,BTN,2019,35
Bolivia,BOL,2000,577
Bolivia,BOL,2001,567
Bolivia,BOL,2002,573
Bolivia,BOL,2003,572
Bolivia,BOL,2004,572
Bolivia,BOL,2005,577
Bolivia,BOL,2006,555
Bolivia,BOL,2007,583
Bolivia,BOL,2008,582
Bolivia,BOL,2009,593
Bolivia,BOL,2010,607
Bolivia,BOL,2011,624
Bolivia,BOL,2012,623
Bolivia,BOL,2013,634
Bolivia,BOL,2014,662
Bolivia,BOL,2015,693
Bolivia,BOL,2016,732
Bolivia,BOL,2017,720
Bolivia,BOL,2018,715
Bolivia,BOL,2019,715
Bosnia and Herzegovina,BIH,2000,339
Bosnia and Herzegovina,BIH,2001,352
Bosnia and Herzegovina,BIH,2002,367
Bosnia and Herzegovina,BIH,2003,371
Bosnia and Herzegovina,BIH,2004,375
Bosnia and Herzegovina,BIH,2005,405
Bosnia and Herzegovina,BIH,2006,402
Bosnia and Herzegovina,BIH,2007,433
Bosnia and Herzegovina,BIH,2008,406
Bosnia and Herzegovina,BIH,2009,400
Bosnia and Herzegovina,BIH,2010,390
Bosnia and Herzegovina,BIH,2011,389
Bosnia and Herzegovina,BIH,2012,375
Bosnia and Herzegovina,BIH,2013,376
Bosnia and Herzegovina,BIH,2014,369
Bosnia and Herzegovina,BIH,2015,367
Bosnia and Herzegovina,BIH,2016,356
Bosnia and Herzegovina,BIH,2017,353
Bosnia and Herzegovina,BIH,2018,358
Bosnia and Herzegovina,BIH,2019,361
Botswana,BWA,2000,580
Botswana,BWA,2001,578
Botswana,BWA,2002,558
Botswana,BWA,2003,542
Botswana,BWA,2004,562
Botswana,BWA,2005,612
Botswana,BWA,2006,588
Botswana,BWA,2007,550
Botswana,BWA,2008,545
Botswana,BWA,2009,491
Botswana,BWA,2010,485
Botswana,BWA,2011,457
Botswana,BWA,2012,461
Botswana,BWA,2013,445
Botswana,BWA,2014,409
Botswana,BWA,2015,404
Botswana,BWA,2016,384
Botswana,BWA,2017,384
Botswana,BWA,2018,393
Botswana,BWA,2019,370
Brazil,BRA,2000,6962
Brazil,BRA,2001,7823
Brazil,BRA,2002,7829
Brazil,BRA,2003,7888
Brazil,BRA,2004,8136
Brazil,BRA,2005,8667
Brazil,BRA,2006,8786
Brazil,BRA,2007,9243
Brazil,BRA,2008,9779
Brazil,BRA,2009,9941
Brazil,BRA,2010,9756
Brazil,BRA,2011,10333
Brazil,BRA,2012,10751
Brazil,BRA,2013,11209
Brazil,BRA,2014,11399
Brazil,BRA,2015,12000
Brazil,BRA,2016,12356
Brazil,BRA,2017,13666
Brazil,BRA,2018,14577
Brazil,BRA,2019,14540
Brunei,BRN,2000,6
Brunei,BRN,2001,5
Brunei,BRN,2002,6
Brunei,BRN,2003,6
Brunei,BRN,2004,7
Brunei,BRN,2005,8
Brunei,BRN,2006,11
Brunei,BRN,2007,10
Brunei,BRN,2008,8
Brunei,BRN,2009,7
Brunei,BRN,2010,5
Brunei,BRN,2011,7
Brunei,BRN,2012,8
Brunei,BRN,2013,7
Brunei,BRN,2014,7
Brunei,BRN,2015,8
Brunei,BRN,2016,11
Brunei,BRN,2017,14
Brunei,BRN,2018,13
Brunei,BRN,2019,12
Bulgaria,BGR,2000,1458
Bulgaria,BGR,2001,1385
Bulgaria,BGR,2002,1374
Bulgaria,BGR,2003,1176
Bulgaria,BGR,2004,1102
Bulgaria,BGR,2005,1019
Bulgaria,BGR,2006,1020
Bulgaria,BGR,2007,944
Bulgaria,BGR,2008,991
Bulgaria,BGR,2009,922
Bulgaria,BGR,2010,917
Bulgaria,BGR,2011,812
Bulgaria,BGR,2012,920
Bulgaria,BGR,2013,766
Bulgaria,BGR,2014,757
Bulgaria,BGR,2015,708
Bulgaria,BGR,2016,690
Bulgaria,BGR,2017,731
Bulgaria,BGR,2018,682
Bulgaria,BGR,2019,681
Burkina Faso,BFA,2000,993
Burkina Faso,BFA,2001,984
Burkina Faso,BFA,2002,981
Burkina Faso,BFA,2003,1001
Burkina Faso,BFA,2004,1036
Burkina Faso,BFA,2005,1073
Burkina Faso,BFA,2006,1117
Burkina Faso,BFA,2007,1149
Burkina Faso,BFA,2008,1169
Burkina Faso,BFA,2009,1206
Burkina Faso,BFA,2010,1253
Burkina Faso,BFA,2011,1264
Burkina Faso,BFA,2012,1368
Burkina Faso,BFA,2013,1411
Burkina Faso,BFA,2014,1413
Burkina Faso,BFA,2015,1442
Burkina Faso,BFA,2016,1461
Burkina Faso,BFA,2017,1478
Burkina Faso,BFA,2018,1510
Burkina Faso,BFA,2019,1521
Burundi,BDI,2000,745
Burundi,BDI,2001,703
Burundi,BDI,2002,686
Burundi,BDI,2003,667
Burundi,BDI,2004,659
Burundi,BDI,2005,655
Burundi,BDI,2006,680
Burundi,BDI,2007,659
Burundi,BDI,2008,645
Burundi,BDI,2009,649
Burundi,BDI,2010,660
Burundi,BDI,2011,662
Burundi,BDI,2012,659
Burundi,BDI,2013,666
Burundi,BDI,2014,655
Burundi,BDI,2015,655
Burundi,BDI,2016,673
Burundi,BDI,2017,689
Burundi,BDI,2018,705
Burundi,BDI,2019,720
Cambodia,KHM,2000,609
Cambodia,KHM,2001,630
Cambodia,KHM,2002,639
Cambodia,KHM,2003,651
Cambodia,KHM,2004,692
Cambodia,KHM,2005,735
Cambodia,KHM,2006,762
Cambodia,KHM,2007,783
Cambodia,KHM,2008,775
Cambodia,KHM,2009,760
Cambodia,KHM,2010,768
Cambodia,KHM,2011,767
Cambodia,KHM,2012,775
Cambodia,KHM,2013,776
Cambodia,KHM,2014,774
Cambodia,KHM,2015,785
Cambodia,KHM,2016,799
Cambodia,KHM,2017,794
Cambodia,KHM,2018,801
Cambodia,KHM,2019,800
Cameroon,CMR,2000,1655
Cameroon,CMR,2001,1725
Cameroon,CMR,2002,1741
Cameroon,CMR,2003,1810
Cameroon,CMR,2004,1839
Cameroon,CMR,2005,2028
Cameroon,CMR,2006,2133
Cameroon,CMR,2007,2128
Cameroon,CMR,2008,2152
Cameroon,CMR,2009,2198
Cameroon,CMR,2010,2198
Cameroon,CMR,2011,2252
Cameroon,CMR,2012,2283
Cameroon,CMR,2013,2296
Cameroon,CMR,2014,2261
Cameroon,CMR,2015,2204
Cameroon,CMR,2016,2205
Cameroon,CMR,2017,2207
Cameroon,CMR,2018,2245
Cameroon,CMR,2019,2333
Canada,CAN,2000,3650
Canada,CAN,2001,3782
Canada,CAN,2002,3725
Canada,CAN,2003,3913
Canada,CAN,2004,3726
Canada,CAN,2005,3920
Canada,CAN,2006,3652
Canada,CAN,2007,3779
Canada,CAN,2008,3850
Canada,CAN,2009,4045
Canada,CAN,2010,4116
Canada,CAN,2011,3892
Canada,CAN,2012,4112
Canada,CAN,2013,4268
Canada,CAN,2014,4532
Canada,CAN,2015,4681
Canada,CAN,2016,4317
Canada,CAN,2017,4792
Canada,CAN,2018,4445
Canada,CAN,2019,4417
Cape Verde,CPV,2000,51
Cape Verde,CPV,2001,53
Cape Verde,CPV,2002,55
Cape Verde,CPV,2003,56
Cape Verde,CPV,2004,58
Cape Verde,CPV,2005,61
Cape Verde,CPV,2006,62
Cape Verde,CPV,2007,64
Cape Verde,CPV,2008,67
Cape Verde,CPV,2009,70
Cape Verde,CPV,2010,73
Cape Verde,CPV,2011,74
Cape Verde,CPV,2012,75
Cape Verde,CPV,2013,75
Cape Verde,CPV,2014,74
Cape Verde,CPV,2015,76
Cape Verde,CPV,2016,76
Cape Verde,CPV,2017,76
Cape Verde,CPV,2018,73
Cape Verde,CPV,2019,71
Central African Republic,CAF,2000,693
Central African Republic,CAF,2001,659
Central African Republic,CAF,2002,663
Central African Republic,CAF,2003,638
Central African Republic,CAF,2004,621
Central African Republic,CAF,2005,611
Central African Republic,CAF,2006,647
Central African Republic,CAF,2007,646
Central African Republic,CAF,2008,645
Central African Republic,CAF,2009,693
Central African Republic,CAF,2010,691
Central African Republic,CAF,2011,680
Central African Republic,CAF,2012,653
Central African Republic,CAF,2013,664
Central African Republic,CAF,2014,695
Central African Republic,CAF,2015,649
Central African Republic,CAF,2016,623
Central African Republic,CAF,2017,659
Central African Republic,CAF,2018,597
Central African Republic,CAF,2019,585
Chad,TCD,2000,654
Chad,TCD,2001,676
Chad,TCD,2002,694
Chad,TCD,2003,727
Chad,TCD,2004,734
Chad,TCD,2005,761
Chad,TCD,2006,782
Chad,TCD,2007,830
Chad,TCD,2008,839
Chad,TCD,2009,875
Chad,TCD,2010,918
Chad,TCD,2011,947
Chad,TCD,2012,966
Chad,TCD,2013,972
Chad,TCD,2014,971
Chad,TCD,2015,956
Chad,TCD,2016,968
Chad,TCD,2017,1010
Chad,TCD,2018,1023
Chad,TCD,2019,1027
Chile,CHL,2000,1575
Chile,CHL,2001,1594
Chile,CHL,2002,1512
Chile,CHL,2003,1542
Chile,CHL,2004,1622
Chile,CHL,2005,1566
Chile,CHL,2006,1642
Chile,CHL,2007,1816
Chile,CHL,2008,2042
Chile,CHL,2009,2139
Chile,CHL,2010,1981
Chile,CHL,2011,2012
Chile,CHL,2012,1831
Chile,CHL,2013,1722
Chile,CHL,2014,1748
Chile,CHL,2015,1792
Chile,CHL,2016,1820
Chile,CHL,2017,1712
Chile,CHL,2018,1650
Chile,CHL,2019,1700
China,CHN,2000,185474
China,CHN,2001,168701
China,CHN,2002,160218
China,CHN,2003,168800
China,CHN,2004,177033
China,CHN,2005,172292
China,CHN,2006,163056
China,CHN,2007,155549
China,CHN,2008,150994
China,CHN,2009,145928
China,CHN,2010,140897
China,CHN,2011,132888
China,CHN,2012,125255
China,CHN,2013,120159
China,CHN,2014,117481
China,CHN,2015,115026
China,CHN,2016,115971
China,CHN,2017,116320
China,CHN,2018,116769
China,CHN,2019,116324
Colombia,COL,2000,1980
Colombia,COL,2001,1986
Colombia,COL,2002,1918
Colombia,COL,2003,1891
Colombia,COL,2004,1874
Colombia,COL,2005,1760
Colombia,COL,2006,1788
Colombia,COL,2007,1802
Colombia,COL,2008,1840
Colombia,COL,2009,1828
Colombia,COL,2010,1733
Colombia,COL,2011,1677
Colombia,COL,2012,1762
Colombia,COL,2013,1701
Colombia,COL,2014,1761
Colombia,COL,2015,1964
Colombia,COL,2016,2038
Colombia,COL,2017,2277
Colombia,COL,2018,1999
Colombia,COL,2019,1965
Comoros,COM,2000,34
Comoros,COM,2001,34
Comoros,COM,2002,34
Comoros,COM,2003,34
Comoros,COM,2004,33
Comoros,COM,2005,33
Comoros,COM,2006,34
Comoros,COM,2007,34
Comoros,COM,2008,35
Comoros,COM,2009,34
Comoros,COM,2010,38
Comoros,COM,2011,36
Comoros,COM,2012,38
Comoros,COM,2013,38
Comoros,COM,2014,42
Comoros,COM,2015,43
Comoros,COM,2016,44
Comoros,COM,2017,44
Comoros,COM,2018,45
Comoros,COM,2019,46
Congo,COG,2000,452
Congo,COG,2001,399
Congo,COG,2002,365
Congo,COG,2003,346
Congo,COG,2004,357
Congo,COG,2005,351
Congo,COG,2006,361
Congo,COG,2007,361
Congo,COG,2008,358
Congo,COG,2009,386
Congo,COG,2010,385
Congo,COG,2011,381
Congo,COG,2012,401
Congo,COG,2013,377
Congo,COG,2014,355
Congo,COG,2015,330
Congo,COG,2016,336
Congo,COG,2017,336
Congo,COG,2018,338
Congo,COG,2019,349
Costa Rica,CRI,2000,253
Costa Rica,CRI,2001,209
Costa Rica,CRI,2002,287
Costa Rica,CRI,2003,327
Costa Rica,CRI,2004,342
Costa Rica,CRI,2005,281
Costa Rica,CRI,2006,367
Costa Rica,CRI,2007,250
Costa Rica,CRI,2008,245
Costa Rica,CRI,2009,255
Costa Rica,CRI,2010,316
Costa Rica,CRI,2011,319
Costa Rica,CRI,2012,307
Costa Rica,CRI,2013,319
Costa Rica,CRI,2014,270
Costa Rica,CRI,2015,326
Costa Rica,CRI,2016,376
Costa Rica,CRI,2017,303
Costa Rica,CRI,2018,359
Costa Rica,CRI,2019,407
Cote d'Ivoire,CIV,2000,2319
Cote d'Ivoire,CIV,2001,2242
Cote d'Ivoire,CIV,2002,2181
Cote d'Ivoire,CIV,2003,2189
Cote d'Ivoire,CIV,2004,2170
Cote d'Ivoire,CIV,2005,2108
Cote d'Ivoire,CIV,2006,2169
Cote d'Ivoire,CIV,2007,2201
Cote d'Ivoire,CIV,2008,2084
Cote d'Ivoire,CIV,2009,2197
Cote d'Ivoire,CIV,2010,2333
Cote d'Ivoire,CIV,2011,2340
Cote d'Ivoire,CIV,2012,2426
Cote d'Ivoire,CIV,2013,2454
Cote d'Ivoire,CIV,2014,2387
Cote d'Ivoire,CIV,2015,2323
Cote d'Ivoire,CIV,2016,2281
Cote d'Ivoire,CIV,2017,2248
Cote d'Ivoire,CIV,2018,2250
Cote d'Ivoire,CIV,2019,2288
Croatia,HRV,2000,920
Croatia,HRV,2001,870
Croatia,HRV,2002,858
Croatia,HRV,2003,867
Croatia,HRV,2004,886
Croatia,HRV,2005,878
Croatia,HRV,2006,798
Croatia,HRV,2007,790
Croatia,HRV,2008,801
Croatia,HRV,2009,795
Croatia,HRV,2010,794
Croatia,HRV,2011,709
Croatia,HRV,2012,790
Croatia,HRV,2013,705
Croatia,HRV,2014,735
Croatia,HRV,2015,745
Croatia,HRV,2016,691
Croatia,HRV,2017,656
Croatia,HRV,2018,681
Croatia,HRV,2019,676
Cuba,CUB,2000,1915
Cuba,CUB,2001,1703
Cuba,CUB,2002,1647
Cuba,CUB,2003,1544
Cuba,CUB,2004,1564
Cuba,CUB,2005,1458
Cuba,CUB,2006,1431
Cuba,CUB,2007,1370
Cuba,CUB,2008,1445
Cuba,CUB,2009,1541
Cuba,CUB,2010,1620
Cuba,CUB,2011,1588
Cuba,CUB,2012,1553
Cuba,CUB,2013,1573
Cuba,CUB,2014,1519
Cuba,CUB,2015,1589
Cuba,CUB,2016,1515
Cuba,CUB,2017,1649
Cuba,CUB,2018,1616
Cuba,CUB,2019,1638
Cyprus,CYP,2000,19
Cyprus,CYP,2001,20
Cyprus,CYP,2002,21
Cyprus,CYP,2003,22
Cyprus,CYP,2004,9
Cyprus,CYP,2005,27
Cyprus,CYP,2006,36
Cyprus,CYP,2007,33
Cyprus,CYP,2008,66
Cyprus,CYP,2009,49
Cyprus,CYP,2010,59
Cyprus,CYP,2011,48
Cyprus,CYP,2012,61
Cyprus,CYP,2013,66
Cyprus,CYP,2014,62
Cyprus,CYP,2015,55
Cyprus,CYP,2016,54
Cyprus,CYP,2017,43
Cyprus,CYP,2018,50
Cyprus,CYP,2019,44
Czechia,CZE,2000,1675
Czechia,CZE,2001,1665
Czechia,CZE,2002,1574
Czechia,CZE,2003,1744
Czechia,CZE,2004,1674
Czechia,CZE,2005,1621
Czechia,CZE,2006,1488
Czechia,CZE,2007,1466
Czechia,CZE,2008,1476
Czechia,CZE,2009,1570
Czechia,CZE,2010,1585
Czechia,CZE,2011,1697
Czechia,CZE,2012,1767
Czechia,CZE,2013,1661
Czechia,CZE,2014,1569
Czechia,CZE,2015,1439
Czechia,CZE,2016,1380
Czechia,CZE,2017,1482
Czechia,CZE,2018,1446
Czechia,CZE,2019,1302
Democratic Republic of Congo,COD,2000,3698
Democratic Republic of Congo,COD,2001,3747
Democratic Republic of Congo,COD,2002,3827
Democratic Republic of Congo,COD,2003,3980
Democratic Republic of Congo,COD,2004,4032
Democratic Republic of Congo,COD,2005,4113
Democratic Republic of Congo,COD,2006,4194
Democratic Republic of Congo,COD,2007,4183
Democratic Republic of Congo,COD,2008,4314
Democratic Republic of Congo,COD,2009,4530
Democratic Republic of Congo,COD,2010,4640
Democratic Republic of Congo,COD,2011,4741
Democratic Republic of Congo,COD,2012,4785
Democratic Republic of Congo,COD,2013,4871
Democratic Republic of Congo,COD,2014,4975
Democratic Republic of Congo,COD,2015,5037
Democratic Republic of Congo,COD,2016,5144
Democratic Republic of Congo,COD,2017,5300
Democratic Republic of Congo,COD,2018,5649
Democratic Republic of Congo,COD,2019,5812
Denmark,DNK,2000,834
Denmark,DNK,2001,848
Denmark,DNK,2002,801
Denmark,DNK,2003,734
Denmark,DNK,2004,769
Denmark,DNK,2005,803
Denmark,DNK,2006,801
Denmark,DNK,2007,690
Denmark,DNK,2008,723
Denmark,DNK,2009,711
Denmark,DNK,2010,655
Denmark,DNK,2011,702
Denmark,DNK,2012,718
Denmark,DNK,2013,684
Denmark,DNK,2014,679
Denmark,DNK,2015,622
Denmark,DNK,2016,621
Denmark,DNK,2017,650
Denmark,DNK,2018,654
Denmark,DNK,2019,617
Djibouti,DJI,2000,51
Djibouti,DJI,2001,51
Djibouti,DJI,2002,54
Djibouti,DJI,2003,56
Djibouti,DJI,2004,58
Djibouti,DJI,2005,59
Djibouti,DJI,2006,59
Djibouti,DJI,2007,60
Djibouti,DJI,2008,62
Djibouti,DJI,2009,65
Djibouti,DJI,2010,69
Djibouti,DJI,2011,72
Djibouti,DJI,2012,75
Djibouti,DJI,2013,80
Djibouti,DJI,2014,82
Djibouti,DJI,2015,82
Djibouti,DJI,2016,87
Djibouti,DJI,2017,92
Djibouti,DJI,2018,93
Djibouti,DJI,2019,94
Dominican Republic,DOM,2000,333
Dominican Republic,DOM,2001,333
Dominican Republic,DOM,2002,356
Dominican Republic,DOM,2003,393
Dominican Republic,DOM,2004,404
Dominican Republic,DOM,2005,432
Dominican Republic,DOM,2006,436
Dominican Republic,DOM,2007,451
Dominican Republic,DOM,2008,455
Dominican Republic,DOM,2009,468
Dominican Republic,DOM,2010,457
Dominican Republic,DOM,2011,479
Dominican Republic,DOM,2012,517
Dominican Republic,DOM,2013,552
Dominican Republic,DOM,2014,616
Dominican Republic,DOM,2015,655
Dominican Republic,DOM,2016,662
Dominican Republic,DOM,2017,598
Dominican Republic,DOM,2018,557
Dominican Republic,DOM,2019,530
Ecuador,ECU,2000,809
Ecuador,ECU,2001,890
Ecuador,ECU,2002,1042
Ecuador,ECU,2003,1132
Ecuador,ECU,2004,1227
Ecuador,ECU,2005,1366
Ecuador,ECU,2006,1409
Ecuador,ECU,2007,1459
Ecuador,ECU,2008,1529
Ecuador,ECU,2009,1548
Ecuador,ECU,2010,1489
Ecuador,ECU,2011,1492
Ecuador,ECU,2012,1563
Ecuador,ECU,2013,1500
Ecuador,ECU,2014,1400
Ecuador,ECU,2015,1424
Ecuador,ECU,2016,1477
Ecuador,ECU,2017,1545
Ecuador,ECU,2018,1376
Ecuador,ECU,2019,1326
Egypt,EGY,2000,2101
Egypt,EGY,2001,2219
Egypt,EGY,2002,2263
Egypt,EGY,2003,2293
Egypt,EGY,2004,2320
Egypt,EGY,2005,2333
Egypt,EGY,2006,2368
Egypt,EGY,2007,2399
Egypt,EGY,2008,2457
Egypt,EGY,2009,2545
Egypt,EGY,2010,2659
Egypt,EGY,2011,2798
Egypt,EGY,2012,2967
Egypt,EGY,2013,3000
Egypt,EGY,2014,2972
Egypt,EGY,2015,3028
Egypt,EGY,2016,3026
Egypt,EGY,2017,2874
Egypt,EGY,2018,2913
Egypt,EGY,2019,3022
El Salvador,SLV,2000,362
El Salvador,SLV,2001,400
El Salvador,SLV,2002,316
El Salvador,SLV,2003,391
El Salvador,SLV,2004,409
El Salvador,SLV,2005,469
El Salvador,SLV,2006,403
El Salvador,SLV,2007,483
El Salvador,SLV,2008,419
El Salvador,SLV,2009,527
El Salvador,SLV,2010,378
El Salvador,SLV,2011,498
El Salvador,SLV,2012,421
El Salvador,SLV,2013,400
El Salvador,SLV,2014,363
El Salvador,SLV,2015,439
El Salvador,SLV,2016,363
El Salvador,SLV,2017,391
El Salvador,SLV,2018,387
El Salvador,SLV,2019,391
Equatorial Guinea,GNQ,2000,77
Equatorial Guinea,GNQ,2001,72
Equatorial Guinea,GNQ,2002,66
Equatorial Guinea,GNQ,2003,67
Equatorial Guinea,GNQ,2004,67
Equatorial Guinea,GNQ,2005,67
Equatorial Guinea,GNQ,2006,72
Equatorial Guinea,GNQ,2007,74
Equatorial Guinea,GNQ,2008,76
Equatorial Guinea,GNQ,2009,80
Equatorial Guinea,GNQ,2010,95
Equatorial Guinea,GNQ,2011,110
Equatorial Guinea,GNQ,2012,104
Equatorial Guinea,GNQ,2013,91
Equatorial Guinea,GNQ,2014,99
Equatorial Guinea,GNQ,2015,114
Equatorial Guinea,GNQ,2016,113
Equatorial Guinea,GNQ,2017,98
Equatorial Guinea,GNQ,2018,108
Equatorial Guinea,GNQ,2019,107
Eritrea,ERI,2000,331
Eritrea,ERI,2001,331
Eritrea,ERI,2002,340
Eritrea,ERI,2003,334
Eritrea,ERI,2004,353
Eritrea,ERI,2005,369
Eritrea,ERI,2006,385
Eritrea,ERI,2007,388
Eritrea,ERI,2008,406
Eritrea,ERI,2009,405
Eritrea,ERI,2010,404
Eritrea,ERI,2011,402
Eritrea,ERI,2012,399
Eritrea,ERI,2013,393
Eritrea,ERI,2014,389
Eritrea,ERI,2015,389
Eritrea,ERI,2016,387
Eritrea,ERI,2017,387
Eritrea,ERI,2018,390
Eritrea,ERI,2019,382
Estonia,EST,2000,407
Estonia,EST,2001,422
Estonia,EST,2002,406
Estonia,EST,2003,362
Estonia,EST,2004,362
Estonia,EST,2005,307
Estonia,EST,2006,281
Estonia,EST,2007,287
Estonia,EST,2008,260
Estonia,EST,2009,311
Estonia,EST,2010,250
Estonia,EST,2011,242
Estonia,EST,2012,279
Estonia,EST,2013,250
Estonia,EST,2014,257
Estonia,EST,2015,209
Estonia,EST,2016,207
Estonia,EST,2017,247
Estonia,EST,2018,203
Estonia,EST,2019,197
Eswatini,SWZ,2000,286
Eswatini,SWZ,2001,326
Eswatini,SWZ,2002,379
Eswatini,SWZ,2003,415
Eswatini,SWZ,2004,435
Eswatini,SWZ,2005,452
Eswatini,SWZ,2006,490
Eswatini,SWZ,2007,562
Eswatini,SWZ,2008,577
Eswatini,SWZ,2009,574
Eswatini,SWZ,2010,537
Eswatini,SWZ,2011,504
Eswatini,SWZ,2012,513
Eswatini,SWZ,2013,485
Eswatini,SWZ,2014,430
Eswatini,SWZ,2015,387
Eswatini,SWZ,2016,366
Eswatini,SWZ,2017,342
Eswatini,SWZ,2018,324
Eswatini,SWZ,2019,338
Ethiopia,ETH,2000,6407
Ethiopia,ETH,2001,6302
Ethiopia,ETH,2002,6248
Ethiopia,ETH,2003,6191
Ethiopia,ETH,2004,6152
Ethiopia,ETH,2005,6162
Ethiopia,ETH,2006,6155
Ethiopia,ETH,2007,6235
Ethiopia,ETH,2008,6335
Ethiopia,ETH,2009,6265
Ethiopia,ETH,2010,6181
Ethiopia,ETH,2011,6012
Ethiopia,ETH,2012,5675
Ethiopia,ETH,2013,5397
Ethiopia,ETH,2014,5395
Ethiopia,ETH,2015,5563
Ethiopia,ETH,2016,5644
Ethiopia,ETH,2017,5744
Ethiopia,ETH,2018,5886
Ethiopia,ETH,2019,6030
Fiji,FJI,2000,86
Fiji,FJI,2001,85
Fiji,FJI,2002,83
Fiji,FJI,2003,79
Fiji,FJI,2004,77
Fiji,FJI,2005,78
Fiji,FJI,2006,76
Fiji,FJI,2007,79
Fiji,FJI,2008,81
Fiji,FJI,2009,82
Fiji,FJI,2010,83
Fiji,FJI,2011,85
Fiji,FJI,2012,86
Fiji,FJI,2013,86
Fiji,FJI,2014,84
Fiji,FJI,2015,82
Fiji,FJI,2016,82
Fiji,FJI,2017,82
Fiji,FJI,2018,81
Fiji,FJI,2019,80
Finland,FIN,2000,1260
Finland,FIN,2001,1255
Finland,FIN,2002,1149
Finland,FIN,2003,1136
Finland,FIN,2004,1114
Finland,FIN,2005,1048
Finland,FIN,2006,1110
Finland,FIN,2007,1043
Finland,FIN,2008,1094
Finland,FIN,2009,1090
Finland,FIN,2010,997
Finland,FIN,2011,967
Finland,FIN,2012,918
Finland,FIN,2013,937
Finland,FIN,2014,843
Finland,FIN,2015,769
Finland,FIN,2016,838
Finland,FIN,2017,878
Finland,FIN,2018,893
Finland,FIN,2019,846
France,FRA,2000,11914
France,FRA,2001,11554
France,FRA,2002,11848
France,FRA,2003,12112
France,FRA,2004,11818
France,FRA,2005,11689
France,FRA,2006,11354
France,FRA,2007,11103
France,FRA,2008,11351
France,FRA,2009,11520
France,FRA,2010,11469
France,FRA,2011,11389
France,FRA,2012,11303
France,FRA,2013,10842
France,FRA,2014,10035
France,FRA,2015,10208
France,FRA,2016,9627
France,FRA,2017,9480
France,FRA,2018,9237
France,FRA,2019,8961
Gabon,GAB,2000,159
Gabon,GAB,2001,154
Gabon,GAB,2002,145
Gabon,GAB,2003,145
Gabon,GAB,2004,137
Gabon,GAB,2005,142
Gabon,GAB,2006,152
Gabon,GAB,2007,153
Gabon,GAB,2008,171
Gabon,GAB,2009,160
Gabon,GAB,2010,164
Gabon,GAB,2011,169
Gabon,GAB,2012,156
Gabon,GAB,2013,157
Gabon,GAB,2014,184
Gabon,GAB,2015,188
Gabon,GAB,2016,185
Gabon,GAB,2017,182
Gabon,GAB,2018,183
Gabon,GAB,2019,183
Gambia,GMB,2000,73
Gambia,GMB,2001,77
Gambia,GMB,2002,81
Gambia,GMB,2003,84
Gambia,GMB,2004,88
Gambia,GMB,2005,89
Gambia,GMB,2006,91
Gambia,GMB,2007,93
Gambia,GMB,2008,95
Gambia,GMB,2009,95
Gambia,GMB,2010,95
Gambia,GMB,2011,100
Gambia,GMB,2012,101
Gambia,GMB,2013,103
Gambia,GMB,2014,106
Gambia,GMB,2015,106
Gambia,GMB,2016,105
Gambia,GMB,2017,109
Gambia,GMB,2018,109
Gambia,GMB,2019,113
Georgia,GEO,2000,322
Georgia,GEO,2001,295
Georgia,GEO,2002,351
Georgia,GEO,2003,280
Georgia,GEO,2004,314
Georgia,GEO,2005,260
Georgia,GEO,2006,257
Georgia,GEO,2007,253
Georgia,GEO,2008,310
Georgia,GEO,2009,348
Georgia,GEO,2010,340
Georgia,GEO,2011,353
Georgia,GEO,2012,372
Georgia,GEO,2013,395
Georgia,GEO,2014,415
Georgia,GEO,2015,424
Georgia,GEO,2016,430
Georgia,GEO,2017,386
Georgia,GEO,2018,374
Georgia,GEO,2019,367
Germany,DEU,2000,11777
Germany,DEU,2001,11819
Germany,DEU,2002,11863
Germany,DEU,2003,11745
Germany,DEU,2004,11429
Germany,DEU,2005,10856
Germany,DEU,2006,10403
Germany,DEU,2007,10042
Germany,DEU,2008,10151
Germany,DEU,2009,10321
Germany,DEU,2010,10701
Germany,DEU,2011,10689
Germany,DEU,2012,10422
Germany,DEU,2013,10893
Germany,DEU,2014,10894
Germany,DEU,2015,10850
Germany,DEU,2016,10705
Germany,DEU,2017,10395
Germany,DEU,2018,10709
Germany,DEU,2019,10284
Ghana,GHA,2000,1034
Ghana,GHA,2001,1142
Ghana,GHA,2002,1226
Ghana,GHA,2003,1319
Ghana,GHA,2004,1412
Ghana,GHA,2005,1495
Ghana,GHA,2006,1576
Ghana,GHA,2007,1654
Ghana,GHA,2008,1767
Ghana,GHA,2009,1845
Ghana,GHA,2010,1939
Ghana,GHA,2011,1981
Ghana,GHA,2012,2026
Ghana,GHA,2013,2057
Ghana,GHA,2014,2049
Ghana,GHA,2015,2036
Ghana,GHA,2016,2050
Ghana,GHA,2017,2026
Ghana,GHA,2018,1978
Ghana,GHA,2019,1993
Greece,GRC,2000,383
Greece,GRC,2001,340
Greece,GRC,2002,326
Greece,GRC,2003,372
Greece,GRC,2004,352
Greece,GRC,2005,409
Greece,GRC,2006,408
Greece,GRC,2007,332
Greece,GRC,2008,372
Greece,GRC,2009,393
Greece,GRC,2010,379
Greece,GRC,2011,473
Greece,GRC,2012,514
Greece,GRC,2013,538
Greece,GRC,2014,571
Greece,GRC,2015,537
Greece,GRC,2016,496
Greece,GRC,2017,540
Greece,GRC,2018,532
Greece,GRC,2019,533
Grenada,GRD,2000,2
Grenada,GRD,2001,0
Grenada,GRD,2002,3
Grenada,GRD,2003,2
Grenada,GRD,2004,5
Grenada,GRD,2005,3
Grenada,GRD,2006,5
Grenada,GRD,2007,2
Grenada,GRD,2008,3
Grenada,GRD,2009,1
Grenada,GRD,2010,1
Grenada,GRD,2011,2
Grenada,GRD,2012,2
Grenada,GRD,2013,1
Grenada,GRD,2014,1
Grenada,GRD,2015,1
Grenada,GRD,2016,1
Grenada,GRD,2017,1
Grenada,GRD,2018,0
Grenada,GRD,2019,1
Guatemala,GTM,2000,1193
Guatemala,GTM,2001,1280
Guatemala,GTM,2002,1287
Guatemala,GTM,2003,1350
Guatemala,GTM,2004,1402
Guatemala,GTM,2005,1488
Guatemala,GTM,2006,1440
Guatemala,GTM,2007,1134
Guatemala,GTM,2008,1123
Guatemala,GTM,2009,1128
Guatemala,GTM,2010,1067
Guatemala,GTM,2011,982
Guatemala,GTM,2012,930
Guatemala,GTM,2013,919
Guatemala,GTM,2014,916
Guatemala,GTM,2015,947
Guatemala,GTM,2016,947
Guatemala,GTM,2017,950
Guatemala,GTM,2018,1027
Guatemala,GTM,2019,1039
Guinea,GIN,2000,445
Guinea,GIN,2001,457
Guinea,GIN,2002,479
Guinea,GIN,2003,490
Guinea,GIN,2004,506
Guinea,GIN,2005,510
Guinea,GIN,2006,555
Guinea,GIN,2007,599
Guinea,GIN,2008,618
Guinea,GIN,2009,638
Guinea,GIN,2010,690
Guinea,GIN,2011,729
Guinea,GIN,2012,753
Guinea,GIN,2013,793
Guinea,GIN,2014,795
Guinea,GIN,2015,820
Guinea,GIN,2016,833
Guinea,GIN,2017,840
Guinea,GIN,2018,852
Guinea,GIN,2019,892
Guinea-Bissau,GNB,2000,115
Guinea-Bissau,GNB,2001,114
Guinea-Bissau,GNB,2002,114
Guinea-Bissau,GNB,2003,113
Guinea-Bissau,GNB,2004,115
Guinea-Bissau,GNB,2005,113
Guinea-Bissau,GNB,2006,115
Guinea-Bissau,GNB,2007,119
Guinea-Bissau,GNB,2008,122
Guinea-Bissau,GNB,2009,126
Guinea-Bissau,GNB,2010,127
Guinea-Bissau,GNB,2011,128
Guinea-Bissau,GNB,2012,128
Guinea-Bissau,GNB,2013,133
Guinea-Bissau,GNB,2014,131
Guinea-Bissau,GNB,2015,126
Guinea-Bissau,GNB,2016,130
Guinea-Bissau,GNB,2017,133
Guinea-Bissau,GNB,2018,135
Guinea-Bissau,GNB,2019,134
Guyana,GUY,2000,234
Guyana,GUY,2001,259
Guyana,GUY,2002,257
Guyana,GUY,2003,247
Guyana,GUY,2004,243
Guyana,GUY,2005,231
Guyana,GUY,2006,229
Guyana,GUY,2007,231
Guyana,GUY,2008,224
Guyana,GUY,2009,246
Guyana,GUY,2010,250
Guyana,GUY,2011,245
Guyana,GUY,2012,265
Guyana,GUY,2013,290
Guyana,GUY,2014,284
Guyana,GUY,2015,286
Guyana,GUY,2016,292
Guyana,GUY,2017,298
Guyana,GUY,2018,307
Guyana,GUY,2019,315
Haiti,HTI,2000,824
Haiti,HTI,2001,816
Haiti,HTI,2002,816
Haiti,HTI,2003,827
Haiti,HTI,2004,815
Haiti,HTI,2005,866
Haiti,HTI,2006,896
Haiti,HTI,2007,951
Haiti,HTI,2008,971
Haiti,HTI,2009,1008
Haiti,HTI,2010,1088
Haiti,HTI,2011,1023
Haiti,HTI,2012,1022
Haiti,HTI,2013,1033
Haiti,HTI,2014,1052
Haiti,HTI,2015,1074
Haiti,HTI,2016,1065
Haiti,HTI,2017,1067
Haiti,HTI,2018,1083
Haiti,HTI,2019,1085
Honduras,HND,2000,137
Honduras,HND,2001,142
Honduras,HND,2002,147
Honduras,HND,2003,153
Honduras,HND,2004,155
Honduras,HND,2005,160
Honduras,HND,2006,165
Honduras,HND,2007,167
Honduras,HND,2008,167
Honduras,HND,2009,164
Honduras,HND,2010,164
Honduras,HND,2011,162
Honduras,HND,2012,281
Honduras,HND,2013,284
Honduras,HND,2014,308
Honduras,HND,2015,366
Honduras,HND,2016,186
Honduras,HND,2017,195
Honduras,HND,2018,196
Honduras,HND,2019,201
Hungary,HUN,2000,3411
Hungary,HUN,2001,3042
Hungary,HUN,2002,2906
Hungary,HUN,2003,2841
Hungary,HUN,2004,2780
Hungary,HUN,2005,2661
Hungary,HUN,2006,2509
Hungary,HUN,2007,2505
Hungary,HUN,2008,2537
Hungary,HUN,2009,2526
Hungary,HUN,2010,2533
Hungary,HUN,2011,2488
Hungary,HUN,2012,2446
Hungary,HUN,2013,2173
Hungary,HUN,2014,2005
Hungary,HUN,2015,1950
Hungary,HUN,2016,1825
Hungary,HUN,2017,1699
Hungary,HUN,2018,1721
Hungary,HUN,2019,1612
Iceland,ISL,2000,37
Iceland,ISL,2001,36
Iceland,ISL,2002,35
Iceland,ISL,2003,36
Iceland,ISL,2004,36
Iceland,ISL,2005,35
Iceland,ISL,2006,37
Iceland,ISL,2007,45
Iceland,ISL,2008,46
Iceland,ISL,2009,45
Iceland,ISL,2010,41
Iceland,ISL,2011,38
Iceland,ISL,2012,44
Iceland,ISL,2013,45
Iceland,ISL,2014,52
Iceland,ISL,2015,47
Iceland,ISL,2016,43
Iceland,ISL,2017,41
Iceland,ISL,2018,36
Iceland,ISL,2019,40
India,IND,2000,179595
India,IND,2001,178431
India,IND,2002,176232
India,IND,2003,170599
India,IND,2004,171269
India,IND,2005,177313
India,IND,2006,182076
India,IND,2007,180664
India,IND,2008,180744
India,IND,2009,176880
India,IND,2010,180724
India,IND,2011,183284
India,IND,2012,180717
India,IND,2013,175414
India,IND,2014,165662
India,IND,2015,160775
India,IND,2016,159626
India,IND,2017,161154
India,IND,2018,169774
India,IND,2019,173347
Indonesia,IDN,2000,7311
Indonesia,IDN,2001,7260
Indonesia,IDN,2002,7211
Indonesia,IDN,2003,7131
Indonesia,IDN,2004,7047
Indonesia,IDN,2005,6802
Indonesia,IDN,2006,6658
Indonesia,IDN,2007,6625
Indonesia,IDN,2008,6530
Indonesia,IDN,2009,6441
Indonesia,IDN,2010,6381
Indonesia,IDN,2011,6346
Indonesia,IDN,2012,6254
Indonesia,IDN,2013,6189
Indonesia,IDN,2014,6125
Indonesia,IDN,2015,6096
Indonesia,IDN,2016,6256
Indonesia,IDN,2017,6367
Indonesia,IDN,2018,6440
Indonesia,IDN,2019,6544
Iran,IRN,2000,5248
Iran,IRN,2001,5158
Iran,IRN,2002,5061
Iran,IRN,2003,4744
Iran,IRN,2004,4640
Iran,IRN,2005,4357
Iran,IRN,2006,4223
Iran,IRN,2007,4595
Iran,IRN,2008,4460
Iran,IRN,2009,4511
Iran,IRN,2010,4657
Iran,IRN,2011,5040
Iran,IRN,2012,5088
Iran,IRN,2013,5053
Iran,IRN,2014,5023
Iran,IRN,2015,4957
Iran,IRN,2016,4945
Iran,IRN,2017,4867
Iran,IRN,2018,4636
Iran,IRN,2019,4334
Iraq,IRQ,2000,888
Iraq,IRQ,2001,908
Iraq,IRQ,2002,936
Iraq,IRQ,2003,976
Iraq,IRQ,2004,992
Iraq,IRQ,2005,1016
Iraq,IRQ,2006,1055
Iraq,IRQ,2007,1031
Iraq,IRQ,2008,1010
Iraq,IRQ,2009,1083
Iraq,IRQ,2010,1156
Iraq,IRQ,2011,1245
Iraq,IRQ,2012,1313
Iraq,IRQ,2013,1402
Iraq,IRQ,2014,1409
Iraq,IRQ,2015,1449
Iraq,IRQ,2016,1479
Iraq,IRQ,2017,1479
Iraq,IRQ,2018,1432
Iraq,IRQ,2019,1418
Ireland,IRL,2000,480
Ireland,IRL,2001,507
Ireland,IRL,2002,478
Ireland,IRL,2003,481
Ireland,IRL,2004,485
Ireland,IRL,2005,490
Ireland,IRL,2006,462
Ireland,IRL,2007,495
Ireland,IRL,2008,540
Ireland,IRL,2009,631
Ireland,IRL,2010,543
Ireland,IRL,2011,574
Ireland,IRL,2012,570
Ireland,IRL,2013,525
Ireland,IRL,2014,508
Ireland,IRL,2015,433
Ireland,IRL,2016,470
Ireland,IRL,2017,475
Ireland,IRL,2018,475
Ireland,IRL,2019,470
Israel,ISR,2000,402
Israel,ISR,2001,386
Israel,ISR,2002,362
Israel,ISR,2003,402
Israel,ISR,2004,392
Israel,ISR,2005,440
Israel,ISR,2006,365
Israel,ISR,2007,353
Israel,ISR,2008,370
Israel,ISR,2009,428
Israel,ISR,2010,490
Israel,ISR,2011,423
Israel,ISR,2012,462
Israel,ISR,2013,402
Israel,ISR,2014,403
Israel,ISR,2015,362
Israel,ISR,2016,422
Israel,ISR,2017,424
Israel,ISR,2018,452
Israel,ISR,2019,454
Italy,ITA,2000,4272
Italy,ITA,2001,4175
Italy,ITA,2002,4229
Italy,ITA,2003,4231
Italy,ITA,2004,4142
Italy,ITA,2005,3906
Italy,ITA,2006,3905
Italy,ITA,2007,3905
Italy,ITA,2008,4041
Italy,ITA,2009,4124
Italy,ITA,2010,4084
Italy,ITA,2011,4379
Italy,ITA,2012,4538
Italy,ITA,2013,4533
Italy,ITA,2014,4372
Italy,ITA,2015,4317
Italy,ITA,2016,3984
Italy,ITA,2017,4278
Italy,ITA,2018,4087
Italy,ITA,2019,4042
Jamaica,JAM,2000,50
Jamaica,JAM,2001,49
Jamaica,JAM,2002,48
Jamaica,JAM,2003,47
Jamaica,JAM,2004,43
Jamaica,JAM,2005,41
Jamaica,JAM,2006,42
Jamaica,JAM,2007,49
Jamaica,JAM,2008,61
Jamaica,JAM,2009,65
Jamaica,JAM,2010,54
Jamaica,JAM,2011,63
Jamaica,JAM,2012,59
Jamaica,JAM,2013,58
Jamaica,JAM,2014,63
Jamaica,JAM,2015,64
Jamaica,JAM,2016,65
Jamaica,JAM,2017,66
Jamaica,JAM,2018,67
Jamaica,JAM,2019,70
Japan,JPN,2000,30481
Japan,JPN,2001,29623
Japan,JPN,2002,30446
Japan,JPN,2003,32725
Japan,JPN,2004,30890
Japan,JPN,2005,31232
Japan,JPN,2006,30683
Japan,JPN,2007,32082
Japan,JPN,2008,31374
Japan,JPN,2009,32045
Japan,JPN,2010,30994
Japan,JPN,2011,30012
Japan,JPN,2012,27781
Japan,JPN,2013,27424
Japan,JPN,2014,25728
Japan,JPN,2015,24488
Japan,JPN,2016,22342
Japan,JPN,2017,21691
Japan,JPN,2018,21262
Japan,JPN,2019,19466
Jordan,JOR,2000,129
Jordan,JOR,2001,128
Jordan,JOR,2002,123
Jordan,JOR,2003,127
Jordan,JOR,2004,124
Jordan,JOR,2005,116
Jordan,JOR,2006,111
Jordan,JOR,2007,109
Jordan,JOR,2008,110
Jordan,JOR,2009,109
Jordan,JOR,2010,111
Jordan,JOR,2011,115
Jordan,JOR,2012,121
Jordan,JOR,2013,124
Jordan,JOR,2014,129
Jordan,JOR,2015,135
Jordan,JOR,2016,142
Jordan,JOR,2017,147
Jordan,JOR,2018,157
Jordan,JOR,2019,165
Kazakhstan,KAZ,2000,5776
Kazakhstan,KAZ,2001,5816
Kazakhstan,KAZ,2002,5721
Kazakhstan,KAZ,2003,5916
Kazakhstan,KAZ,2004,6061
Kazakhstan,KAZ,2005,6045
Kazakhstan,KAZ,2006,5903
Kazakhstan,KAZ,2007,5973
Kazakhstan,KAZ,2008,5486
Kazakhstan,KAZ,2009,4854
Kazakhstan,KAZ,2010,4866
Kazakhstan,KAZ,2011,4737
Kazakhstan,KAZ,2012,4626
Kazakhstan,KAZ,2013,4483
Kazakhstan,KAZ,2014,4185
Kazakhstan,KAZ,2015,4085
Kazakhstan,KAZ,2016,3876
Kazakhstan,KAZ,2017,3762
Kazakhstan,KAZ,2018,3473
Kazakhstan,KAZ,2019,3259
Kenya,KEN,2000,2427
Kenya,KEN,2001,2272
Kenya,KEN,2002,2171
Kenya,KEN,2003,2106
Kenya,KEN,2004,2013
Kenya,KEN,2005,2214
Kenya,KEN,2006,2265
Kenya,KEN,2007,2444
Kenya,KEN,2008,2477
Kenya,KEN,2009,2457
Kenya,KEN,2010,2501
Kenya,KEN,2011,2541
Kenya,KEN,2012,2609
Kenya,KEN,2013,2681
Kenya,KEN,2014,2647
Kenya,KEN,2015,2613
Kenya,KEN,2016,2666
Kenya,KEN,2017,2813
Kenya,KEN,2018,3083
Kenya,KEN,2019,3214
Kiribati,KIR,2000,26
Kiribati,KIR,2001,27
Kiribati,KIR,2002,27
Kiribati,KIR,2003,26
Kiribati,KIR,2004,26
Kiribati,KIR,2005,28
Kiribati,KIR,2006,28
Kiribati,KIR,2007,30
Kiribati,KIR,2008,31
Kiribati,KIR,2009,31
Kiribati,KIR,2010,32
Kiribati,KIR,2011,32
Kiribati,KIR,2012,32
Kiribati,KIR,2013,33
Kiribati,KIR,2014,33
Kiribati,KIR,2015,33
Kiribati,KIR,2016,33
Kiribati,KIR,2017,34
Kiribati,KIR,2018,33
Kiribati,KIR,2019,33
Kuwait,KWT,2000,61
Kuwait,KWT,2001,55
Kuwait,KWT,2002,60
Kuwait,KWT,2003,56
Kuwait,KWT,2004,58
Kuwait,KWT,2005,60
Kuwait,KWT,2006,63
Kuwait,KWT,2007,64
Kuwait,KWT,2008,77
Kuwait,KWT,2009,75
Kuwait,KWT,2010,73
Kuwait,KWT,2011,72
Kuwait,KWT,2012,80
Kuwait,KWT,2013,85
Kuwait,KWT,2014,92
Kuwait,KWT,2015,98
Kuwait,KWT,2016,104
Kuwait,KWT,2017,110
Kuwait,KWT,2018,116
Kuwait,KWT,2019,122
Kyrgyzstan,KGZ,2000,728
Kyrgyzstan,KGZ,2001,699
Kyrgyzstan,KGZ,2002,700
Kyrgyzstan,KGZ,2003,664
Kyrgyzstan,KGZ,2004,634
Kyrgyzstan,KGZ,2005,669
Kyrgyzstan,KGZ,2006,674
Kyrgyzstan,KGZ,2007,655
Kyrgyzstan,KGZ,2008,644
Kyrgyzstan,KGZ,2009,635
Kyrgyzstan,KGZ,2010,617
Kyrgyzstan,KGZ,2011,622
Kyrgyzstan,KGZ,2012,614
Kyrgyzstan,KGZ,2013,599
Kyrgyzstan,KGZ,2014,612
Kyrgyzstan,KGZ,2015,590
Kyrgyzstan,KGZ,2016,523
Kyrgyzstan,KGZ,2017,512
Kyrgyzstan,KGZ,2018,504
Kyrgyzstan,KGZ,2019,474
Laos,LAO,2000,365
Laos,LAO,2001,373
Laos,LAO,2002,367
Laos,LAO,2003,364
Laos,LAO,2004,367
Laos,LAO,2005,375
Laos,LAO,2006,376
Laos,LAO,2007,375
Laos,LAO,2008,378
Laos,LAO,2009,377
Laos,LAO,2010,375
Laos,LAO,2011,376
Laos,LAO,2012,367
Laos,LAO,2013,371
Laos,LAO,2014,367
Laos,LAO,2015,377
Laos,LAO,2016,383
Laos,LAO,2017,392
Laos,LAO,2018,397
Laos,LAO,2019,390
Latvia,LVA,2000,828
Latvia,LVA,2001,759
Latvia,LVA,2002,735
Latvia,LVA,2003,670
Latvia,LVA,2004,610
Latvia,LVA,2005,598
Latvia,LVA,2006,516
Latvia,LVA,2007,459
Latvia,LVA,2008,573
Latvia,LVA,2009,565
Latvia,LVA,2010,477
Latvia,LVA,2011,475
Latvia,LVA,2012,487
Latvia,LVA,2013,422
Latvia,LVA,2014,419
Latvia,LVA,2015,431
Latvia,LVA,2016,420
Latvia,LVA,2017,418
Latvia,LVA,2018,349
Latvia,LVA,2019,384
Lebanon,LBN,2000,107
Lebanon,LBN,2001,108
Lebanon,LBN,2002,111
Lebanon,LBN,2003,116
Lebanon,LBN,2004,121
Lebanon,LBN,2005,126
Lebanon,LBN,2006,118
Lebanon,LBN,2007,136
Lebanon,LBN,2008,139
Lebanon,LBN,2009,143
Lebanon,LBN,2010,149
Lebanon,LBN,2011,157
Lebanon,LBN,2012,163
Lebanon,LBN,2013,174
Lebanon,LBN,2014,173
Lebanon,LBN,2015,182
Lebanon,LBN,2016,182
Lebanon,LBN,2017,202
Lebanon,LBN,2018,172
Lebanon,LBN,2019,190
Lesotho,LSO,2000,581
Lesotho,LSO,2001,557
Lesotho,LSO,2002,592
Lesotho,LSO,2003,645
Lesotho,LSO,2004,672
Lesotho,LSO,2005,671
Lesotho,LSO,2006,801
Lesotho,LSO,2007,893
Lesotho,LSO,2008,1148
Lesotho,LSO,2009,1259
Lesotho,LSO,2010,1306
Lesotho,LSO,2011,1393
Lesotho,LSO,2012,1594
Lesotho,LSO,2013,1778
Lesotho,LSO,2014,1893
Lesotho,LSO,2015,1903
Lesotho,LSO,2016,1805
Lesotho,LSO,2017,1638
Lesotho,LSO,2018,1614
Lesotho,LSO,2019,1539
Liberia,LBR,2000,144
Liberia,LBR,2001,141
Liberia,LBR,2002,145
Liberia,LBR,2003,147
Liberia,LBR,2004,150
Liberia,LBR,2005,150
Liberia,LBR,2006,158
Liberia,LBR,2007,169
Liberia,LBR,2008,174
Liberia,LBR,2009,181
Liberia,LBR,2010,190
Liberia,LBR,2011,201
Liberia,LBR,2012,206
Liberia,LBR,2013,208
Liberia,LBR,2014,214
Liberia,LBR,2015,201
Liberia,LBR,2016,205
Liberia,LBR,2017,210
Liberia,LBR,2018,213
Liberia,LBR,2019,220
Libya,LBY,2000,261
Libya,LBY,2001,275
Libya,LBY,2002,288
Libya,LBY,2003,289
Libya,LBY,2004,252
Libya,LBY,2005,251
Libya,LBY,2006,249
Libya,LBY,2007,292
Libya,LBY,2008,325
Libya,LBY,2009,352
Libya,LBY,2010,346
Libya,LBY,2011,315
Libya,LBY,2012,359
Libya,LBY,2013,304
Libya,LBY,2014,398
Libya,LBY,2015,357
Libya,LBY,2016,322
Libya,LBY,2017,364
Libya,LBY,2018,385
Libya,LBY,2019,304
Lithuania,LTU,2000,1754
Lithuania,LTU,2001,1636
Lithuania,LTU,2002,1620
Lithuania,LTU,2003,1549
Lithuania,LTU,2004,1463
Lithuania,LTU,2005,1429
Lithuania,LTU,2006,1164
Lithuania,LTU,2007,1125
Lithuania,LTU,2008,1216
Lithuania,LTU,2009,1240
Lithuania,LTU,2010,1163
Lithuania,LTU,2011,1174
Lithuania,LTU,2012,1067
Lithuania,LTU,2013,1217
Lithuania,LTU,2014,1058
Lithuania,LTU,2015,1022
Lithuania,LTU,2016,947
Lithuania,LTU,2017,844
Lithuania,LTU,2018,767
Lithuania,LTU,2019,721
Luxembourg,LUX,2000,70
Luxembourg,LUX,2001,74
Luxembourg,LUX,2002,71
Luxembourg,LUX,2003,69
Luxembourg,LUX,2004,55
Luxembourg,LUX,2005,61
Luxembourg,LUX,2006,71
Luxembourg,LUX,2007,67
Luxembourg,LUX,2008,65
Luxembourg,LUX,2009,56
Luxembourg,LUX,2010,61
Luxembourg,LUX,2011,62
Luxembourg,LUX,2012,60
Luxembourg,LUX,2013,61
Luxembourg,LUX,2014,70
Luxembourg,LUX,2015,69
Luxembourg,LUX,2016,59
Luxembourg,LUX,2017,58
Luxembourg,LUX,2018,64
Luxembourg,LUX,2019,69
Madagascar,MDG,2000,913
Madagascar,MDG,2001,926
Madagascar,MDG,2002,977
Madagascar,MDG,2003,1026
Madagascar,MDG,2004,1056
Madagascar,MDG,2005,1064
Madagascar,MDG,2006,1092
Madagascar,MDG,2007,1104
Madagascar,MDG,2008,1135
Madagascar,MDG,2009,1162
Madagascar,MDG,2010,1199
Madagascar,MDG,2011,1238
Madagascar,MDG,2012,1244
Madagascar,MDG,2013,1277
Madagascar,MDG,2014,1322
Madagascar,MDG,2015,1329
Madagascar,MDG,2016,1371
Madagascar,MDG,2017,1398
Madagascar,MDG,2018,1433
Madagascar,MDG,2019,1476
Malawi,MWI,2000,1199
Malawi,MWI,2001,1118
Malawi,MWI,2002,1033
Malawi,MWI,2003,986
Malawi,MWI,2004,953
Malawi,MWI,2005,913
Malawi,MWI,2006,969
Malawi,MWI,2007,1034
Malawi,MWI,2008,1049
Malawi,MWI,2009,1134
Malawi,MWI,2010,1185
Malawi,MWI,2011,1087
Malawi,MWI,2012,1041
Malawi,MWI,2013,1017
Malawi,MWI,2014,1023
Malawi,MWI,2015,1036
Malawi,MWI,2016,1044
Malawi,MWI,2017,1034
Malawi,MWI,2018,1014
Malawi,MWI,2019,1007
Malaysia,MYS,2000,1078
Malaysia,MYS,2001,1056
Malaysia,MYS,2002,1078
Malaysia,MYS,2003,1149
Malaysia,MYS,2004,1172
Malaysia,MYS,2005,1178
Malaysia,MYS,2006,1171
Malaysia,MYS,2007,1171
Malaysia,MYS,2008,1231
Malaysia,MYS,2009,1280
Malaysia,MYS,2010,1271
Malaysia,MYS,2011,1303
Malaysia,MYS,2012,1326
Malaysia,MYS,2013,1288
Malaysia,MYS,2014,1386
Malaysia,MYS,2015,1463
Malaysia,MYS,2016,1553
Malaysia,MYS,2017,1665
Malaysia,MYS,2018,1715
Malaysia,MYS,2019,1823
Maldives,MDV,2000,10
Maldives,MDV,2001,11
Maldives,MDV,2002,10
Maldives,MDV,2003,11
Maldives,MDV,2004,9
Maldives,MDV,2005,10
Maldives,MDV,2006,10
Maldives,MDV,2007,10
Maldives,MDV,2008,10
Maldives,MDV,2009,10
Maldives,MDV,2010,10
Maldives,MDV,2011,10
Maldives,MDV,2012,10
Maldives,MDV,2013,11
Maldives,MDV,2014,12
Maldives,MDV,2015,13
Maldives,MDV,2016,15
Maldives,MDV,2017,15
Maldives,MDV,2018,15
Maldives,MDV,2019,15
Mali,MLI,2000,527
Mali,MLI,2001,532
Mali,MLI,2002,541
Mali,MLI,2003,545
Mali,MLI,2004,561
Mali,MLI,2005,587
Mali,MLI,2006,595
Mali,MLI,2007,621
Mali,MLI,2008,650
Mali,MLI,2009,670
Mali,MLI,2010,672
Mali,MLI,2011,692
Mali,MLI,2012,716
Mali,MLI,2013,734
Mali,MLI,2014,744
Mali,MLI,2015,746
Mali,MLI,2016,757
Mali,MLI,2017,759
Mali,MLI,2018,779
Mali,MLI,2019,806
Malta,MLT,2000,27
Malta,MLT,2001,29
Malta,MLT,2002,23
Malta,MLT,2003,22
Malta,MLT,2004,24
Malta,MLT,2005,22
Malta,MLT,2006,28
Malta,MLT,2007,23
Malta,MLT,2008,26
Malta,MLT,2009,28
Malta,MLT,2010,31
Malta,MLT,2011,28
Malta,MLT,2012,25
Malta,MLT,2013,29
Malta,MLT,2014,31
Malta,MLT,2015,31
Malta,MLT,2016,25
Malta,MLT,2017,24
Malta,MLT,2018,26
Malta,MLT,2019,27
Mauritania,MRT,2000,92
Mauritania,MRT,2001,93
Mauritania,MRT,2002,94
Mauritania,MRT,2003,94
Mauritania,MRT,2004,98
Mauritania,MRT,2005,97
Mauritania,MRT,2006,101
Mauritania,MRT,2007,102
Mauritania,MRT,2008,102
Mauritania,MRT,2009,106
Mauritania,MRT,2010,108
Mauritania,MRT,2011,109
Mauritania,MRT,2012,116
Mauritania,MRT,2013,118
Mauritania,MRT,2014,120
Mauritania,MRT,2015,123
Mauritania,MRT,2016,127
Mauritania,MRT,2017,132
Mauritania,MRT,2018,136
Mauritania,MRT,2019,141
Mauritius,MUS,2000,140
Mauritius,MUS,2001,121
Mauritius,MUS,2002,136
Mauritius,MUS,2003,93
Mauritius,MUS,2004,100
Mauritius,MUS,2005,110
Mauritius,MUS,2006,113
Mauritius,MUS,2007,127
Mauritius,MUS,2008,82
Mauritius,MUS,2009,113
Mauritius,MUS,2010,97
Mauritius,MUS,2011,113
Mauritius,MUS,2012,121
Mauritius,MUS,2013,102
Mauritius,MUS,2014,128
Mauritius,MUS,2015,100
Mauritius,MUS,2016,102
Mauritius,MUS,2017,122
Mauritius,MUS,2018,110
Mauritius,MUS,2019,120
Mexico,MEX,2000,3480
Mexico,MEX,2001,3808
Mexico,MEX,2002,3915
Mexico,MEX,2003,4077
Mexico,MEX,2004,4148
Mexico,MEX,2005,4341
Mexico,MEX,2006,4314
Mexico,MEX,2007,4429
Mexico,MEX,2008,4835
Mexico,MEX,2009,5172
Mexico,MEX,2010,5149
Mexico,MEX,2011,6067
Mexico,MEX,2012,5701
Mexico,MEX,2013,6166
Mexico,MEX,2014,6802
Mexico,MEX,2015,6778
Mexico,MEX,2016,6857
Mexico,MEX,2017,7359
Mexico,MEX,2018,6767
Mexico,MEX,2019,6772
Micronesia (country),FSM,2000,26
Micronesia (country),FSM,2001,25
Micronesia (country),FSM,2002,24
Micronesia (country),FSM,2003,24
Micronesia (country),FSM,2004,25
Micronesia (country),FSM,2005,26
Micronesia (country),FSM,2006,26
Micronesia (country),FSM,2007,25
Micronesia (country),FSM,2008,25
Micronesia (country),FSM,2009,25
Micronesia (country),FSM,2010,25
Micronesia (country),FSM,2011,26
Micronesia (country),FSM,2012,27
Micronesia (country),FSM,2013,27
Micronesia (country),FSM,2014,28
Micronesia (country),FSM,2015,29
Micronesia (country),FSM,2016,30
Micronesia (country),FSM,2017,31
Micronesia (country),FSM,2018,32
Micronesia (country),FSM,2019,32
Moldova,MDA,2000,723
Moldova,MDA,2001,778
Moldova,MDA,2002,738
Moldova,MDA,2003,774
Moldova,MDA,2004,763
Moldova,MDA,2005,807
Moldova,MDA,2006,816
Moldova,MDA,2007,712
Moldova,MDA,2008,787
Moldova,MDA,2009,806
Moldova,MDA,2010,839
Moldova,MDA,2011,623
Moldova,MDA,2012,692
Moldova,MDA,2013,691
Moldova,MDA,2014,700
Moldova,MDA,2015,658
Moldova,MDA,2016,645
Moldova,MDA,2017,604
Moldova,MDA,2018,584
Moldova,MDA,2019,593
Mongolia,MNG,2000,527
Mongolia,MNG,2001,539
Mongolia,MNG,2002,530
Mongolia,MNG,2003,571
Mongolia,MNG,2004,591
Mongolia,MNG,2005,607
Mongolia,MNG,2006,606
Mongolia,MNG,2007,612
Mongolia,MNG,2008,626
Mongolia,MNG,2009,632
Mongolia,MNG,2010,635
Mongolia,MNG,2011,630
Mongolia,MNG,2012,614
Mongolia,MNG,2013,606
Mongolia,MNG,2014,588
Mongolia,MNG,2015,600
Mongolia,MNG,2016,614
Mongolia,MNG,2017,598
Mongolia,MNG,2018,591
Mongolia,MNG,2019,577
Montenegro,MNE,2000,128
Montenegro,MNE,2001,122
Montenegro,MNE,2002,124
Montenegro,MNE,2003,128
Montenegro,MNE,2004,130
Montenegro,MNE,2005,134
Montenegro,MNE,2006,138
Montenegro,MNE,2007,130
Montenegro,MNE,2008,130
Montenegro,MNE,2009,130
Montenegro,MNE,2010,127
Montenegro,MNE,2011,131
Montenegro,MNE,2012,131
Montenegro,MNE,2013,128
Montenegro,MNE,2014,129
Montenegro,MNE,2015,130
Montenegro,MNE,2016,131
Montenegro,MNE,2017,132
Montenegro,MNE,2018,133
Montenegro,MNE,2019,132
Morocco,MAR,2000,2852
Morocco,MAR,2001,2884
Morocco,MAR,2002,2832
Morocco,MAR,2003,2863
Morocco,MAR,2004,2868
Morocco,MAR,2005,2863
Morocco,MAR,2006,2855
Morocco,MAR,2007,2904
Morocco,MAR,2008,2928
Morocco,MAR,2009,2950
Morocco,MAR,2010,2958
Morocco,MAR,2011,3006
Morocco,MAR,2012,2952
Morocco,MAR,2013,2680
Morocco,MAR,2014,2615
Morocco,MAR,2015,2564
Morocco,MAR,2016,2528
Morocco,MAR,2017,2522
Morocco,MAR,2018,2577
Morocco,MAR,2019,2617
Mozambique,MOZ,2000,2218
Mozambique,MOZ,2001,2257
Mozambique,MOZ,2002,2313
Mozambique,MOZ,2003,2379
Mozambique,MOZ,2004,2470
Mozambique,MOZ,2005,2573
Mozambique,MOZ,2006,2654
Mozambique,MOZ,2007,2730
Mozambique,MOZ,2008,3001
Mozambique,MOZ,2009,3322
Mozambique,MOZ,2010,3506
Mozambique,MOZ,2011,3691
Mozambique,MOZ,2012,3907
Mozambique,MOZ,2013,3916
Mozambique,MOZ,2014,3779
Mozambique,MOZ,2015,3761
Mozambique,MOZ,2016,3772
Mozambique,MOZ,2017,3838
Mozambique,MOZ,2018,3994
Mozambique,MOZ,2019,4144
Myanmar,MMR,2000,2180
Myanmar,MMR,2001,2094
Myanmar,MMR,2002,2083
Myanmar,MMR,2003,2059
Myanmar,MMR,2004,2059
Myanmar,MMR,2005,2019
Myanmar,MMR,2006,2010
Myanmar,MMR,2007,1930
Myanmar,MMR,2008,1789
Myanmar,MMR,2009,1803
Myanmar,MMR,2010,1755
Myanmar,MMR,2011,1743
Myanmar,MMR,2012,1700
Myanmar,MMR,2013,1686
Myanmar,MMR,2014,1689
Myanmar,MMR,2015,1675
Myanmar,MMR,2016,1690
Myanmar,MMR,2017,1599
Myanmar,MMR,2018,1550
Myanmar,MMR,2019,1565
Namibia,NAM,2000,346
Namibia,NAM,2001,343
Namibia,NAM,2002,345
Namibia,NAM,2003,342
Namibia,NAM,2004,318
Namibia,NAM,2005,344
Namibia,NAM,2006,350
Namibia,NAM,2007,348
Namibia,NAM,2008,287
Namibia,NAM,2009,273
Namibia,NAM,2010,273
Namibia,NAM,2011,246
Namibia,NAM,2012,224
Namibia,NAM,2013,227
Namibia,NAM,2014,248
Namibia,NAM,2015,270
Namibia,NAM,2016,252
Namibia,NAM,2017,262
Namibia,NAM,2018,242
Namibia,NAM,2019,243
Nepal,NPL,2000,2038
Nepal,NPL,2001,1974
Nepal,NPL,2002,1976
Nepal,NPL,2003,1965
Nepal,NPL,2004,1965
Nepal,NPL,2005,2037
Nepal,NPL,2006,2014
Nepal,NPL,2007,2111
Nepal,NPL,2008,2209
Nepal,NPL,2009,2297
Nepal,NPL,2010,2345
Nepal,NPL,2011,2416
Nepal,NPL,2012,2396
Nepal,NPL,2013,2338
Nepal,NPL,2014,2284
Nepal,NPL,2015,2301
Nepal,NPL,2016,2330
Nepal,NPL,2017,2389
Nepal,NPL,2018,2478
Nepal,NPL,2019,2571
Netherlands,NLD,2000,1529
Netherlands,NLD,2001,1539
Netherlands,NLD,2002,1612
Netherlands,NLD,2003,1556
Netherlands,NLD,2004,1585
Netherlands,NLD,2005,1604
Netherlands,NLD,2006,1574
Netherlands,NLD,2007,1391
Netherlands,NLD,2008,1489
Netherlands,NLD,2009,1574
Netherlands,NLD,2010,1636
Netherlands,NLD,2011,1684
Netherlands,NLD,2012,1799
Netherlands,NLD,2013,1996
Netherlands,NLD,2014,1959
Netherlands,NLD,2015,1996
Netherlands,NLD,2016,2022
Netherlands,NLD,2017,2056
Netherlands,NLD,2018,1939
Netherlands,NLD,2019,2025
New Zealand,NZL,2000,482
New Zealand,NZL,2001,544
New Zealand,NZL,2002,495
New Zealand,NZL,2003,549
New Zealand,NZL,2004,515
New Zealand,NZL,2005,535
New Zealand,NZL,2006,548
New Zealand,NZL,2007,522
New Zealand,NZL,2008,531
New Zealand,NZL,2009,498
New Zealand,NZL,2010,552
New Zealand,NZL,2011,503
New Zealand,NZL,2012,566
New Zealand,NZL,2013,550
New Zealand,NZL,2014,516
New Zealand,NZL,2015,541
New Zealand,NZL,2016,566
New Zealand,NZL,2017,598
New Zealand,NZL,2018,539
New Zealand,NZL,2019,528
Nicaragua,NIC,2000,280
Nicaragua,NIC,2001,265
Nicaragua,NIC,2002,263
Nicaragua,NIC,2003,295
Nicaragua,NIC,2004,291
Nicaragua,NIC,2005,283
Nicaragua,NIC,2006,254
Nicaragua,NIC,2007,273
Nicaragua,NIC,2008,286
Nicaragua,NIC,2009,288
Nicaragua,NIC,2010,278
Nicaragua,NIC,2011,324
Nicaragua,NIC,2012,264
Nicaragua,NIC,2013,320
Nicaragua,NIC,2014,278
Nicaragua,NIC,2015,263
Nicaragua,NIC,2016,274
Nicaragua,NIC,2017,284
Nicaragua,NIC,2018,294
Nicaragua,NIC,2019,285
Niger,NER,2000,566
Niger,NER,2001,603
Niger,NER,2002,620
Niger,NER,2003,659
Niger,NER,2004,670
Niger,NER,2005,717
Niger,NER,2006,740
Niger,NER,2007,779
Niger,NER,2008,799
Niger,NER,2009,836
Niger,NER,2010,879
Niger,NER,2011,920
Niger,NER,2012,972
Niger,NER,2013,1021
Niger,NER,2014,1063
Niger,NER,2015,1074
Niger,NER,2016,1099
Niger,NER,2017,1134
Niger,NER,2018,1179
Niger,NER,2019,1227
Nigeria,NGA,2000,5928
Nigeria,NGA,2001,6181
Nigeria,NGA,2002,6221
Nigeria,NGA,2003,6317
Nigeria,NGA,2004,6532
Nigeria,NGA,2005,6625
Nigeria,NGA,2006,6713
Nigeria,NGA,2007,6910
Nigeria,NGA,2008,6967
Nigeria,NGA,2009,6957
Nigeria,NGA,2010,6972
Nigeria,NGA,2011,7085
Nigeria,NGA,2012,7018
Nigeria,NGA,2013,6962
Nigeria,NGA,2014,6783
Nigeria,NGA,2015,6692
Nigeria,NGA,2016,6802
Nigeria,NGA,2017,6840
Nigeria,NGA,2018,6918
Nigeria,NGA,2019,7019
North Korea,PRK,2000,2243
North Korea,PRK,2001,2207
North Korea,PRK,2002,2218
North Korea,PRK,2003,2158
North Korea,PRK,2004,2144
North Korea,PRK,2005,2132
North Korea,PRK,2006,2147
North Korea,PRK,2007,2182
North Korea,PRK,2008,2283
North Korea,PRK,2009,2297
North Korea,PRK,2010,2339
North Korea,PRK,2011,2400
North Korea,PRK,2012,2403
North Korea,PRK,2013,2455
North Korea,PRK,2014,2506
North Korea,PRK,2015,2645
North Korea,PRK,2016,2621
North Korea,PRK,2017,2479
North Korea,PRK,2018,2370
North Korea,PRK,2019,2407
North Macedonia,MKD,2000,190
North Macedonia,MKD,2001,262
North Macedonia,MKD,2002,199
North Macedonia,MKD,2003,187
North Macedonia,MKD,2004,218
North Macedonia,MKD,2005,177
North Macedonia,MKD,2006,199
North Macedonia,MKD,2007,194
North Macedonia,MKD,2008,195
North Macedonia,MKD,2009,200
North Macedonia,MKD,2010,146
North Macedonia,MKD,2011,153
North Macedonia,MKD,2012,207
North Macedonia,MKD,2013,202
North Macedonia,MKD,2014,192
North Macedonia,MKD,2015,191
North Macedonia,MKD,2016,192
North Macedonia,MKD,2017,194
North Macedonia,MKD,2018,195
North Macedonia,MKD,2019,196
Norway,NOR,2000,626
Norway,NOR,2001,642
Norway,NOR,2002,550
Norway,NOR,2003,541
Norway,NOR,2004,590
Norway,NOR,2005,576
Norway,NOR,2006,596
Norway,NOR,2007,556
Norway,NOR,2008,561
Norway,NOR,2009,625
Norway,NOR,2010,604
Norway,NOR,2011,656
Norway,NOR,2012,573
Norway,NOR,2013,598
Norway,NOR,2014,599
Norway,NOR,2015,648
Norway,NOR,2016,662
Norway,NOR,2017,643
Norway,NOR,2018,638
Norway,NOR,2019,633
Oman,OMN,2000,141
Oman,OMN,2001,142
Oman,OMN,2002,137
Oman,OMN,2003,146
Oman,OMN,2004,143
Oman,OMN,2005,150
Oman,OMN,2006,169
Oman,OMN,2007,181
Oman,OMN,2008,186
Oman,OMN,2009,187
Oman,OMN,2010,205
Oman,OMN,2011,199
Oman,OMN,2012,189
Oman,OMN,2013,199
Oman,OMN,2014,206
Oman,OMN,2015,214
Oman,OMN,2016,211
Oman,OMN,2017,221
Oman,OMN,2018,227
Oman,OMN,2019,241
Pakistan,PAK,2000,12513
Pakistan,PAK,2001,13032
Pakistan,PAK,2002,13536
Pakistan,PAK,2003,13998
Pakistan,PAK,2004,14359
Pakistan,PAK,2005,14417
Pakistan,PAK,2006,15060
Pakistan,PAK,2007,15181
Pakistan,PAK,2008,15391
Pakistan,PAK,2009,15515
Pakistan,PAK,2010,15787
Pakistan,PAK,2011,16031
Pakistan,PAK,2012,16434
Pakistan,PAK,2013,16948
Pakistan,PAK,2014,17391
Pakistan,PAK,2015,17891
Pakistan,PAK,2016,18506
Pakistan,PAK,2017,18898
Pakistan,PAK,2018,18937
Pakistan,PAK,2019,19331
Panama,PAN,2000,164
Panama,PAN,2001,177
Panama,PAN,2002,166
Panama,PAN,2003,190
Panama,PAN,2004,190
Panama,PAN,2005,166
Panama,PAN,2006,192
Panama,PAN,2007,168
Panama,PAN,2008,189
Panama,PAN,2009,171
Panama,PAN,2010,152
Panama,PAN,2011,141
Panama,PAN,2012,136
Panama,PAN,2013,131
Panama,PAN,2014,159
Panama,PAN,2015,115
Panama,PAN,2016,132
Panama,PAN,2017,130
Panama,PAN,2018,121
Panama,PAN,2019,121
Papua New Guinea,PNG,2000,124
Papua New Guinea,PNG,2001,137
Papua New Guinea,PNG,2002,138
Papua New Guinea,PNG,2003,146
Papua New Guinea,PNG,2004,152
Papua New Guinea,PNG,2005,157
Papua New Guinea,PNG,2006,161
Papua New Guinea,PNG,2007,173
Papua New Guinea,PNG,2008,175
Papua New Guinea,PNG,2009,172
Papua New Guinea,PNG,2010,187
Papua New Guinea,PNG,2011,191
Papua New Guinea,PNG,2012,206
Papua New Guinea,PNG,2013,210
Papua New Guinea,PNG,2014,230
Papua New Guinea,PNG,2015,239
Papua New Guinea,PNG,2016,244
Papua New Guinea,PNG,2017,239
Papua New Guinea,PNG,2018,246
Papua New Guinea,PNG,2019,259
Paraguay,PRY,2000,166
Paraguay,PRY,2001,166
Paraguay,PRY,2002,198
Paraguay,PRY,2003,193
Paraguay,PRY,2004,243
Paraguay,PRY,2005,254
Paraguay,PRY,2006,250
Paraguay,PRY,2007,229
Paraguay,PRY,2008,217
Paraguay,PRY,2009,269
Paraguay,PRY,2010,220
Paraguay,PRY,2011,289
Paraguay,PRY,2012,294
Paraguay,PRY,2013,321
Paraguay,PRY,2014,386
Paraguay,PRY,2015,383
Paraguay,PRY,2016,359
Paraguay,PRY,2017,416
Paraguay,PRY,2018,414
Paraguay,PRY,2019,425
Peru,PER,2000,827
Peru,PER,2001,777
Peru,PER,2002,786
Peru,PER,2003,817
Peru,PER,2004,780
Peru,PER,2005,764
Peru,PER,2006,756
Peru,PER,2007,746
Peru,PER,2008,779
Peru,PER,2009,942
Peru,PER,2010,1007
Peru,PER,2011,970
Peru,PER,2012,945
Peru,PER,2013,922
Peru,PER,2014,874
Peru,PER,2015,824
Peru,PER,2016,813
Peru,PER,2017,862
Peru,PER,2018,883
Peru,PER,2019,903
Philippines,PHL,2000,1365
Philippines,PHL,2001,1169
Philippines,PHL,2002,1351
Philippines,PHL,2003,1510
Philippines,PHL,2004,1492
Philippines,PHL,2005,1648
Philippines,PHL,2006,1743
Philippines,PHL,2007,1670
Philippines,PHL,2008,1811
Philippines,PHL,2009,2133
Philippines,PHL,2010,2222
Philippines,PHL,2011,2594
Philippines,PHL,2012,2291
Philippines,PHL,2013,2347
Philippines,PHL,2014,2289
Philippines,PHL,2015,2319
Philippines,PHL,2016,2318
Philippines,PHL,2017,2323
Philippines,PHL,2018,2323
Philippines,PHL,2019,2325
Poland,POL,2000,6536
Poland,POL,2001,6609
Poland,POL,2002,6666
Poland,POL,2003,6550
Poland,POL,2004,6759
Poland,POL,2005,6806
Poland,POL,2006,6546
Poland,POL,2007,6013
Poland,POL,2008,6529
Poland,POL,2009,7348
Poland,POL,2010,7138
Poland,POL,2011,6888
Poland,POL,2012,7075
Poland,POL,2013,6954
Poland,POL,2014,6623
Poland,POL,2015,6030
Poland,POL,2016,5254
Poland,POL,2017,5049
Poland,POL,2018,4801
Poland,POL,2019,4282
Portugal,PRT,2000,781
Portugal,PRT,2001,911
Portugal,PRT,2002,1294
Portugal,PRT,2003,1241
Portugal,PRT,2004,1108
Portugal,PRT,2005,1194
Portugal,PRT,2006,1211
Portugal,PRT,2007,1336
Portugal,PRT,2008,1388
Portugal,PRT,2009,1387
Portugal,PRT,2010,1442
Portugal,PRT,2011,1295
Portugal,PRT,2012,1422
Portugal,PRT,2013,1314
Portugal,PRT,2014,1483
Portugal,PRT,2015,1369
Portugal,PRT,2016,1172
Portugal,PRT,2017,1230
Portugal,PRT,2018,1204
Portugal,PRT,2019,1172
Qatar,QAT,2000,46
Qatar,QAT,2001,49
Qatar,QAT,2002,50
Qatar,QAT,2003,50
Qatar,QAT,2004,54
Qatar,QAT,2005,59
Qatar,QAT,2006,70
Qatar,QAT,2007,103
Qatar,QAT,2008,119
Qatar,QAT,2009,140
Qatar,QAT,2010,153
Qatar,QAT,2011,162
Qatar,QAT,2012,162
Qatar,QAT,2013,156
Qatar,QAT,2014,155
Qatar,QAT,2015,157
Qatar,QAT,2016,161
Qatar,QAT,2017,157
Qatar,QAT,2018,160
Qatar,QAT,2019,165
Romania,ROU,2000,2859
Romania,ROU,2001,2697
Romania,ROU,2002,3108
Romania,ROU,2003,2939
Romania,ROU,2004,2749
Romania,ROU,2005,2630
Romania,ROU,2006,2741
Romania,ROU,2007,2433
Romania,ROU,2008,2447
Romania,ROU,2009,2527
Romania,ROU,2010,2712
Romania,ROU,2011,2469
Romania,ROU,2012,2547
Romania,ROU,2013,2464
Romania,ROU,2014,2267
Romania,ROU,2015,2294
Romania,ROU,2016,2013
Romania,ROU,2017,1982
Romania,ROU,2018,1992
Romania,ROU,2019,1886
Russia,RUS,2000,78744
Russia,RUS,2001,76481
Russia,RUS,2002,75490
Russia,RUS,2003,74588
Russia,RUS,2004,72137
Russia,RUS,2005,71539
Russia,RUS,2006,64178
Russia,RUS,2007,59676
Russia,RUS,2008,58365
Russia,RUS,2009,55085
Russia,RUS,2010,54635
Russia,RUS,2011,51579
Russia,RUS,2012,49554
Russia,RUS,2013,48334
Russia,RUS,2014,48957
Russia,RUS,2015,46465
Russia,RUS,2016,45014
Russia,RUS,2017,41029
Russia,RUS,2018,39507
Russia,RUS,2019,36625
Rwanda,RWA,2000,1250
Rwanda,RWA,2001,1151
Rwanda,RWA,2002,1057
Rwanda,RWA,2003,942
Rwanda,RWA,2004,837
Rwanda,RWA,2005,781
Rwanda,RWA,2006,761
Rwanda,RWA,2007,743
Rwanda,RWA,2008,716
Rwanda,RWA,2009,680
Rwanda,RWA,2010,658
Rwanda,RWA,2011,640
Rwanda,RWA,2012,636
Rwanda,RWA,2013,628
Rwanda,RWA,2014,645
Rwanda,RWA,2015,651
Rwanda,RWA,2016,660
Rwanda,RWA,2017,672
Rwanda,RWA,2018,686
Rwanda,RWA,2019,704
Saint Lucia,LCA,2000,11
Saint Lucia,LCA,2001,12
Saint Lucia,LCA,2002,11
Saint Lucia,LCA,2003,12
Saint Lucia,LCA,2004,11
Saint Lucia,LCA,2005,12
Saint Lucia,LCA,2006,12
Saint Lucia,LCA,2007,12
Saint Lucia,LCA,2008,14
Saint Lucia,LCA,2009,12
Saint Lucia,LCA,2010,14
Saint Lucia,LCA,2011,13
Saint Lucia,LCA,2012,15
Saint Lucia,LCA,2013,15
Saint Lucia,LCA,2014,16
Saint Lucia,LCA,2015,15
Saint Lucia,LCA,2016,13
Saint Lucia,LCA,2017,14
Saint Lucia,LCA,2018,15
Saint Lucia,LCA,2019,14
Saint Vincent and the Grenadines,VCT,2000,6
Saint Vincent and the Grenadines,VCT,2001,6
Saint Vincent and the Grenadines,VCT,2002,7
Saint Vincent and the Grenadines,VCT,2003,6
Saint Vincent and the Grenadines,VCT,2004,6
Saint Vincent and the Grenadines,VCT,2005,11
Saint Vincent and the Grenadines,VCT,2006,7
Saint Vincent and the Grenadines,VCT,2007,9
Saint Vincent and the Grenadines,VCT,2008,5
Saint Vincent and the Grenadines,VCT,2009,3
Saint Vincent and the Grenadines,VCT,2010,3
Saint Vincent and the Grenadines,VCT,2011,6
Saint Vincent and the Grenadines,VCT,2012,6
Saint Vincent and the Grenadines,VCT,2013,4
Saint Vincent and the Grenadines,VCT,2014,2
Saint Vincent and the Grenadines,VCT,2015,4
Saint Vincent and the Grenadines,VCT,2016,1
Saint Vincent and the Grenadines,VCT,2017,0
Saint Vincent and the Grenadines,VCT,2018,1
Saint Vincent and the Grenadines,VCT,2019,1
Samoa,WSM,2000,24
Samoa,WSM,2001,24
Samoa,WSM,2002,24
Samoa,WSM,2003,23
Samoa,WSM,2004,23
Samoa,WSM,2005,23
Samoa,WSM,2006,24
Samoa,WSM,2007,24
Samoa,WSM,2008,24
Samoa,WSM,2009,20
Samoa,WSM,2010,24
Samoa,WSM,2011,24
Samoa,WSM,2012,24
Samoa,WSM,2013,23
Samoa,WSM,2014,25
Samoa,WSM,2015,24
Samoa,WSM,2016,25
Samoa,WSM,2017,25
Samoa,WSM,2018,25
Samoa,WSM,2019,25
Sao Tome and Principe,STP,2000,2
Sao Tome and Principe,STP,2001,2
Sao Tome and Principe,STP,2002,2
Sao Tome and Principe,STP,2003,2
Sao Tome and Principe,STP,2004,2
Sao Tome and Principe,STP,2005,2
Sao Tome and Principe,STP,2006,2
Sao Tome and Principe,STP,2007,3
Sao Tome and Principe,STP,2008,3
Sao Tome and Principe,STP,2009,3
Sao Tome and Principe,STP,2010,3
Sao Tome and Principe,STP,2011,3
Sao Tome and Principe,STP,2012,3
Sao Tome and Principe,STP,2013,3
Sao Tome and Principe,STP,2014,3
Sao Tome and Principe,STP,2015,3
Sao Tome and Principe,STP,2016,3
Sao Tome and Principe,STP,2017,3
Sao Tome and Principe,STP,2018,3
Sao Tome and Principe,STP,2019,3
Saudi Arabia,SAU,2000,664
Saudi Arabia,SAU,2001,694
Saudi Arabia,SAU,2002,737
Saudi Arabia,SAU,2003,788
Saudi Arabia,SAU,2004,797
Saudi Arabia,SAU,2005,879
Saudi Arabia,SAU,2006,967
Saudi Arabia,SAU,2007,1073
Saudi Arabia,SAU,2008,1186
Saudi Arabia,SAU,2009,1330
Saudi Arabia,SAU,2010,1500
Saudi Arabia,SAU,2011,1723
Saudi Arabia,SAU,2012,1871
Saudi Arabia,SAU,2013,1944
Saudi Arabia,SAU,2014,2040
Saudi Arabia,SAU,2015,2010
Saudi Arabia,SAU,2016,2058
Saudi Arabia,SAU,2017,2059
Saudi Arabia,SAU,2018,2053
Saudi Arabia,SAU,2019,2046
Senegal,SEN,2000,768
Senegal,SEN,2001,762
Senegal,SEN,2002,767
Senegal,SEN,2003,776
Senegal,SEN,2004,788
Senegal,SEN,2005,797
Senegal,SEN,2006,801
Senegal,SEN,2007,788
Senegal,SEN,2008,817
Senegal,SEN,2009,823
Senegal,SEN,2010,832
Senegal,SEN,2011,841
Senegal,SEN,2012,870
Senegal,SEN,2013,894
Senegal,SEN,2014,915
Senegal,SEN,2015,927
Senegal,SEN,2016,938
Senegal,SEN,2017,952
Senegal,SEN,2018,962
Senegal,SEN,2019,978
Serbia,SRB,2000,2190
Serbia,SRB,2001,2047
Serbia,SRB,2002,2089
Serbia,SRB,2003,1973
Serbia,SRB,2004,1969
Serbia,SRB,2005,1852
Serbia,SRB,2006,1779
Serbia,SRB,2007,1705
Serbia,SRB,2008,1634
Serbia,SRB,2009,1756
Serbia,SRB,2010,1544
Serbia,SRB,2011,1616
Serbia,SRB,2012,1629
Serbia,SRB,2013,1598
Serbia,SRB,2014,1514
Serbia,SRB,2015,1452
Serbia,SRB,2016,1344
Serbia,SRB,2017,50
Serbia,SRB,2018,992
Serbia,SRB,2019,996
Seychelles,SYC,2000,7
Seychelles,SYC,2001,8
Seychelles,SYC,2002,7
Seychelles,SYC,2003,8
Seychelles,SYC,2004,8
Seychelles,SYC,2005,7
Seychelles,SYC,2006,7
Seychelles,SYC,2007,7
Seychelles,SYC,2008,7
Seychelles,SYC,2009,7
Seychelles,SYC,2010,7
Seychelles,SYC,2011,7
Seychelles,SYC,2012,7
Seychelles,SYC,2013,7
Seychelles,SYC,2014,7
Seychelles,SYC,2015,8
Seychelles,SYC,2016,8
Seychelles,SYC,2017,8
Seychelles,SYC,2018,8
Seychelles,SYC,2019,8
Sierra Leone,SLE,2000,262
Sierra Leone,SLE,2001,280
Sierra Leone,SLE,2002,298
Sierra Leone,SLE,2003,318
Sierra Leone,SLE,2004,330
Sierra Leone,SLE,2005,341
Sierra Leone,SLE,2006,376
Sierra Leone,SLE,2007,386
Sierra Leone,SLE,2008,399
Sierra Leone,SLE,2009,412
Sierra Leone,SLE,2010,434
Sierra Leone,SLE,2011,424
Sierra Leone,SLE,2012,444
Sierra Leone,SLE,2013,435
Sierra Leone,SLE,2014,436
Sierra Leone,SLE,2015,422
Sierra Leone,SLE,2016,451
Sierra Leone,SLE,2017,470
Sierra Leone,SLE,2018,502
Sierra Leone,SLE,2019,521
Singapore,SGP,2000,498
Singapore,SGP,2001,460
Singapore,SGP,2002,508
Singapore,SGP,2003,498
Singapore,SGP,2004,490
Singapore,SGP,2005,479
Singapore,SGP,2006,517
Singapore,SGP,2007,488
Singapore,SGP,2008,496
Singapore,SGP,2009,522
Singapore,SGP,2010,509
Singapore,SGP,2011,502
Singapore,SGP,2012,604
Singapore,SGP,2013,560
Singapore,SGP,2014,564
Singapore,SGP,2015,503
Singapore,SGP,2016,514
Singapore,SGP,2017,512
Singapore,SGP,2018,543
Singapore,SGP,2019,650
Slovakia,SVK,2000,766
Slovakia,SVK,2001,749
Slovakia,SVK,2002,790
Slovakia,SVK,2003,813
Slovakia,SVK,2004,748
Slovakia,SVK,2005,737
Slovakia,SVK,2006,783
Slovakia,SVK,2007,756
Slovakia,SVK,2008,685
Slovakia,SVK,2009,706
Slovakia,SVK,2010,736
Slovakia,SVK,2011,696
Slovakia,SVK,2012,680
Slovakia,SVK,2013,665
Slovakia,SVK,2014,700
Slovakia,SVK,2015,675
Slovakia,SVK,2016,671
Slovakia,SVK,2017,667
Slovakia,SVK,2018,664
Slovakia,SVK,2019,660
Slovenia,SVN,2000,635
Slovenia,SVN,2001,614
Slovenia,SVN,2002,579
Slovenia,SVN,2003,589
Slovenia,SVN,2004,571
Slovenia,SVN,2005,534
Slovenia,SVN,2006,559
Slovenia,SVN,2007,460
Slovenia,SVN,2008,416
Slovenia,SVN,2009,458
Slovenia,SVN,2010,423
Slovenia,SVN,2011,443
Slovenia,SVN,2012,452
Slovenia,SVN,2013,459
Slovenia,SVN,2014,404
Slovenia,SVN,2015,436
Slovenia,SVN,2016,395
Slovenia,SVN,2017,435
Slovenia,SVN,2018,370
Slovenia,SVN,2019,411
Solomon Islands,SLB,2000,59
Solomon Islands,SLB,2001,60
Solomon Islands,SLB,2002,62
Solomon Islands,SLB,2003,65
Solomon Islands,SLB,2004,63
Solomon Islands,SLB,2005,66
Solomon Islands,SLB,2006,68
Solomon Islands,SLB,2007,75
Solomon Islands,SLB,2008,80
Solomon Islands,SLB,2009,81
Solomon Islands,SLB,2010,83
Solomon Islands,SLB,2011,85
Solomon Islands,SLB,2012,87
Solomon Islands,SLB,2013,88
Solomon Islands,SLB,2014,90
Solomon Islands,SLB,2015,91
Solomon Islands,SLB,2016,93
Solomon Islands,SLB,2017,96
Solomon Islands,SLB,2018,98
Solomon Islands,SLB,2019,98
Somalia,SOM,2000,804
Somalia,SOM,2001,815
Somalia,SOM,2002,846
Somalia,SOM,2003,878
Somalia,SOM,2004,919
Somalia,SOM,2005,933
Somalia,SOM,2006,933
Somalia,SOM,2007,935
Somalia,SOM,2008,973
Somalia,SOM,2009,1001
Somalia,SOM,2010,986
Somalia,SOM,2011,1005
Somalia,SOM,2012,1031
Somalia,SOM,2013,1054
Somalia,SOM,2014,1083
Somalia,SOM,2015,1103
Somalia,SOM,2016,1122
Somalia,SOM,2017,1161
Somalia,SOM,2018,1193
Somalia,SOM,2019,1219
South Africa,ZAF,2000,10090
South Africa,ZAF,2001,10491
South Africa,ZAF,2002,11201
South Africa,ZAF,2003,11734
South Africa,ZAF,2004,11651
South Africa,ZAF,2005,11659
South Africa,ZAF,2006,11441
South Africa,ZAF,2007,12077
South Africa,ZAF,2008,13296
South Africa,ZAF,2009,13496
South Africa,ZAF,2010,12618
South Africa,ZAF,2011,11635
South Africa,ZAF,2012,12097
South Africa,ZAF,2013,12729
South Africa,ZAF,2014,13130
South Africa,ZAF,2015,13582
South Africa,ZAF,2016,13736
South Africa,ZAF,2017,14378
South Africa,ZAF,2018,13956
South Africa,ZAF,2019,13774
South Korea,KOR,2000,6861
South Korea,KOR,2001,7430
South Korea,KOR,2002,9109
South Korea,KOR,2003,11632
South Korea,KOR,2004,12313
South Korea,KOR,2005,13013
South Korea,KOR,2006,11570
South Korea,KOR,2007,13106
South Korea,KOR,2008,14046
South Korea,KOR,2009,16887
South Korea,KOR,2010,16853
South Korea,KOR,2011,17167
South Korea,KOR,2012,15117
South Korea,KOR,2013,15393
South Korea,KOR,2014,14659
South Korea,KOR,2015,14255
South Korea,KOR,2016,13862
South Korea,KOR,2017,13177
South Korea,KOR,2018,14626
South Korea,KOR,2019,14636
South Sudan,SSD,2000,264
South Sudan,SSD,2001,256
South Sudan,SSD,2002,258
South Sudan,SSD,2003,270
South Sudan,SSD,2004,283
South Sudan,SSD,2005,291
South Sudan,SSD,2006,307
South Sudan,SSD,2007,320
South Sudan,SSD,2008,329
South Sudan,SSD,2009,336
South Sudan,SSD,2010,347
South Sudan,SSD,2011,356
South Sudan,SSD,2012,372
South Sudan,SSD,2013,372
South Sudan,SSD,2014,366
South Sudan,SSD,2015,385
South Sudan,SSD,2016,396
South Sudan,SSD,2017,398
South Sudan,SSD,2018,417
South Sudan,SSD,2019,425
Spain,ESP,2000,3502
Spain,ESP,2001,3322
Spain,ESP,2002,3497
Spain,ESP,2003,3630
Spain,ESP,2004,3685
Spain,ESP,2005,3540
Spain,ESP,2006,3356
Spain,ESP,2007,3355
Spain,ESP,2008,3574
Spain,ESP,2009,3532
Spain,ESP,2010,3254
Spain,ESP,2011,3318
Spain,ESP,2012,3622
Spain,ESP,2013,3967
Spain,ESP,2014,3999
Spain,ESP,2015,3686
Spain,ESP,2016,3658
Spain,ESP,2017,3802
Spain,ESP,2018,3637
Spain,ESP,2019,3609
Sri Lanka,LKA,2000,5013
Sri Lanka,LKA,2001,4130
Sri Lanka,LKA,2002,4011
Sri Lanka,LKA,2003,4010
Sri Lanka,LKA,2004,4235
Sri Lanka,LKA,2005,5594
Sri Lanka,LKA,2006,3600
Sri Lanka,LKA,2007,3959
Sri Lanka,LKA,2008,3491
Sri Lanka,LKA,2009,4576
Sri Lanka,LKA,2010,4439
Sri Lanka,LKA,2011,3659
Sri Lanka,LKA,2012,3405
Sri Lanka,LKA,2013,3149
Sri Lanka,LKA,2014,2722
Sri Lanka,LKA,2015,3165
Sri Lanka,LKA,2016,3103
Sri Lanka,LKA,2017,3047
Sri Lanka,LKA,2018,3005
Sri Lanka,LKA,2019,2977
Sudan,SDN,2000,1177
Sudan,SDN,2001,1173
Sudan,SDN,2002,1210
Sudan,SDN,2003,1218
Sudan,SDN,2004,1235
Sudan,SDN,2005,1304
Sudan,SDN,2006,1311
Sudan,SDN,2007,1323
Sudan,SDN,2008,1341
Sudan,SDN,2009,1377
Sudan,SDN,2010,1392
Sudan,SDN,2011,1454
Sudan,SDN,2012,1444
Sudan,SDN,2013,1490
Sudan,SDN,2014,1495
Sudan,SDN,2015,1508
Sudan,SDN,2016,1537
Sudan,SDN,2017,1569
Sudan,SDN,2018,1618
Sudan,SDN,2019,1644
Suriname,SUR,2000,101
Suriname,SUR,2001,115
Suriname,SUR,2002,118
Suriname,SUR,2003,118
Suriname,SUR,2004,117
Suriname,SUR,2005,121
Suriname,SUR,2006,125
Suriname,SUR,2007,125
Suriname,SUR,2008,126
Suriname,SUR,2009,128
Suriname,SUR,2010,135
Suriname,SUR,2011,130
Suriname,SUR,2012,137
Suriname,SUR,2013,137
Suriname,SUR,2014,136
Suriname,SUR,2015,138
Suriname,SUR,2016,138
Suriname,SUR,2017,140
Suriname,SUR,2018,147
Suriname,SUR,2019,148
Sweden,SWE,2000,1338
Sweden,SWE,2001,1425
Sweden,SWE,2002,1386
Sweden,SWE,2003,1288
Sweden,SWE,2004,1327
Sweden,SWE,2005,1418
Sweden,SWE,2006,1363
Sweden,SWE,2007,1332
Sweden,SWE,2008,1390
Sweden,SWE,2009,1466
Sweden,SWE,2010,1384
Sweden,SWE,2011,1348
Sweden,SWE,2012,1428
Sweden,SWE,2013,1526
Sweden,SWE,2014,1433
Sweden,SWE,2015,1536
Sweden,SWE,2016,1437
Sweden,SWE,2017,1490
Sweden,SWE,2018,1488
Sweden,SWE,2019,1479
Switzerland,CHE,2000,1444
Switzerland,CHE,2001,1407
Switzerland,CHE,2002,1510
Switzerland,CHE,2003,1356
Switzerland,CHE,2004,1351
Switzerland,CHE,2005,1406
Switzerland,CHE,2006,1405
Switzerland,CHE,2007,1471
Switzerland,CHE,2008,1430
Switzerland,CHE,2009,1233
Switzerland,CHE,2010,1130
Switzerland,CHE,2011,1157
Switzerland,CHE,2012,1178
Switzerland,CHE,2013,1222
Switzerland,CHE,2014,1208
Switzerland,CHE,2015,1242
Switzerland,CHE,2016,1179
Switzerland,CHE,2017,1239
Switzerland,CHE,2018,1237
Switzerland,CHE,2019,1249
Syria,SYR,2000,240
Syria,SYR,2001,235
Syria,SYR,2002,239
Syria,SYR,2003,232
Syria,SYR,2004,241
Syria,SYR,2005,248
Syria,SYR,2006,258
Syria,SYR,2007,275
Syria,SYR,2008,295
Syria,SYR,2009,302
Syria,SYR,2010,315
Syria,SYR,2011,314
Syria,SYR,2012,325
Syria,SYR,2013,343
Syria,SYR,2014,343
Syria,SYR,2015,313
Syria,SYR,2016,284
Syria,SYR,2017,306
Syria,SYR,2018,329
Syria,SYR,2019,333
Tajikistan,TJK,2000,233
Tajikistan,TJK,2001,227
Tajikistan,TJK,2002,222
Tajikistan,TJK,2003,224
Tajikistan,TJK,2004,230
Tajikistan,TJK,2005,244
Tajikistan,TJK,2006,252
Tajikistan,TJK,2007,263
Tajikistan,TJK,2008,273
Tajikistan,TJK,2009,284
Tajikistan,TJK,2010,297
Tajikistan,TJK,2011,310
Tajikistan,TJK,2012,319
Tajikistan,TJK,2013,324
Tajikistan,TJK,2014,335
Tajikistan,TJK,2015,349
Tajikistan,TJK,2016,372
Tajikistan,TJK,2017,373
Tajikistan,TJK,2018,386
Tajikistan,TJK,2019,399
Tanzania,TZA,2000,2969
Tanzania,TZA,2001,2725
Tanzania,TZA,2002,2459
Tanzania,TZA,2003,2318
Tanzania,TZA,2004,2167
Tanzania,TZA,2005,2080
Tanzania,TZA,2006,2110
Tanzania,TZA,2007,2207
Tanzania,TZA,2008,2426
Tanzania,TZA,2009,2375
Tanzania,TZA,2010,2227
Tanzania,TZA,2011,2193
Tanzania,TZA,2012,2022
Tanzania,TZA,2013,2116
Tanzania,TZA,2014,2084
Tanzania,TZA,2015,2144
Tanzania,TZA,2016,2249
Tanzania,TZA,2017,2279
Tanzania,TZA,2018,2346
Tanzania,TZA,2019,2474
Thailand,THA,2000,7548
Thailand,THA,2001,6951
Thailand,THA,2002,7043
Thailand,THA,2003,6933
Thailand,THA,2004,6848
Thailand,THA,2005,5944
Thailand,THA,2006,5840
Thailand,THA,2007,5546
Thailand,THA,2008,5376
Thailand,THA,2009,5323
Thailand,THA,2010,5409
Thailand,THA,2011,5385
Thailand,THA,2012,5337
Thailand,THA,2013,5075
Thailand,THA,2014,5313
Thailand,THA,2015,5527
Thailand,THA,2016,5859
Thailand,THA,2017,5815
Thailand,THA,2018,6088
Thailand,THA,2019,6147
Timor,TLS,2000,31
Timor,TLS,2001,33
Timor,TLS,2002,31
Timor,TLS,2003,33
Timor,TLS,2004,30
Timor,TLS,2005,30
Timor,TLS,2006,28
Timor,TLS,2007,27
Timor,TLS,2008,25
Timor,TLS,2009,34
Timor,TLS,2010,32
Timor,TLS,2011,36
Timor,TLS,2012,38
Timor,TLS,2013,38
Timor,TLS,2014,40
Timor,TLS,2015,42
Timor,TLS,2016,44
Timor,TLS,2017,45
Timor,TLS,2018,46
Timor,TLS,2019,48
Togo,TGO,2000,493
Togo,TGO,2001,520
Togo,TGO,2002,543
Togo,TGO,2003,571
Togo,TGO,2004,588
Togo,TGO,2005,603
Togo,TGO,2006,636
Togo,TGO,2007,646
Togo,TGO,2008,656
Togo,TGO,2009,658
Togo,TGO,2010,665
Togo,TGO,2011,686
Togo,TGO,2012,703
Togo,TGO,2013,716
Togo,TGO,2014,723
Togo,TGO,2015,711
Togo,TGO,2016,699
Togo,TGO,2017,693
Togo,TGO,2018,688
Togo,TGO,2019,711
Tonga,TON,2000,4
Tonga,TON,2001,4
Tonga,TON,2002,4
Tonga,TON,2003,4
Tonga,TON,2004,4
Tonga,TON,2005,4
Tonga,TON,2006,4
Tonga,TON,2007,4
Tonga,TON,2008,4
Tonga,TON,2009,4
Tonga,TON,2010,5
Tonga,TON,2011,5
Tonga,TON,2012,5
Tonga,TON,2013,5
Tonga,TON,2014,5
Tonga,TON,2015,5
Tonga,TON,2016,4
Tonga,TON,2017,4
Tonga,TON,2018,4
Tonga,TON,2019,4
Trinidad and Tobago,TTO,2000,206
Trinidad and Tobago,TTO,2001,208
Trinidad and Tobago,TTO,2002,195
Trinidad and Tobago,TTO,2003,172
Trinidad and Tobago,TTO,2004,169
Trinidad and Tobago,TTO,2005,165
Trinidad and Tobago,TTO,2006,148
Trinidad and Tobago,TTO,2007,147
Trinidad and Tobago,TTO,2008,180
Trinidad and Tobago,TTO,2009,148
Trinidad and Tobago,TTO,2010,151
Trinidad and Tobago,TTO,2011,133
Trinidad and Tobago,TTO,2012,128
Trinidad and Tobago,TTO,2013,147
Trinidad and Tobago,TTO,2014,143
Trinidad and Tobago,TTO,2015,140
Trinidad and Tobago,TTO,2016,135
Trinidad and Tobago,TTO,2017,131
Trinidad and Tobago,TTO,2018,124
Trinidad and Tobago,TTO,2019,121
Tunisia,TUN,2000,358
Tunisia,TUN,2001,365
Tunisia,TUN,2002,371
Tunisia,TUN,2003,375
Tunisia,TUN,2004,375
Tunisia,TUN,2005,372
Tunisia,TUN,2006,375
Tunisia,TUN,2007,372
Tunisia,TUN,2008,368
Tunisia,TUN,2009,370
Tunisia,TUN,2010,369
Tunisia,TUN,2011,365
Tunisia,TUN,2012,363
Tunisia,TUN,2013,359
Tunisia,TUN,2014,355
Tunisia,TUN,2015,351
Tunisia,TUN,2016,348
Tunisia,TUN,2017,357
Tunisia,TUN,2018,370
Tunisia,TUN,2019,383
Turkey,TUR,2000,2510
Turkey,TUR,2001,2330
Turkey,TUR,2002,2077
Turkey,TUR,2003,2045
Turkey,TUR,2004,2000
Turkey,TUR,2005,1920
Turkey,TUR,2006,1843
Turkey,TUR,2007,1746
Turkey,TUR,2008,1683
Turkey,TUR,2009,1718
Turkey,TUR,2010,1748
Turkey,TUR,2011,1645
Turkey,TUR,2012,1653
Turkey,TUR,2013,1710
Turkey,TUR,2014,1773
Turkey,TUR,2015,1777
Turkey,TUR,2016,1818
Turkey,TUR,2017,1856
Turkey,TUR,2018,1892
Turkey,TUR,2019,2003
Turkmenistan,TKM,2000,566
Turkmenistan,TKM,2001,617
Turkmenistan,TKM,2002,649
Turkmenistan,TKM,2003,668
Turkmenistan,TKM,2004,674
Turkmenistan,TKM,2005,718
Turkmenistan,TKM,2006,724
Turkmenistan,TKM,2007,641
Turkmenistan,TKM,2008,560
Turkmenistan,TKM,2009,472
Turkmenistan,TKM,2010,433
Turkmenistan,TKM,2011,394
Turkmenistan,TKM,2012,376
Turkmenistan,TKM,2013,383
Turkmenistan,TKM,2014,372
Turkmenistan,TKM,2015,350
Turkmenistan,TKM,2016,351
Turkmenistan,TKM,2017,336
Turkmenistan,TKM,2018,333
Turkmenistan,TKM,2019,337
Uganda,UGA,2000,2403
Uganda,UGA,2001,2387
Uganda,UGA,2002,2366
Uganda,UGA,2003,2437
Uganda,UGA,2004,2537
Uganda,UGA,2005,2673
Uganda,UGA,2006,2675
Uganda,UGA,2007,2366
Uganda,UGA,2008,2155
Uganda,UGA,2009,2128
Uganda,UGA,2010,2054
Uganda,UGA,2011,2113
Uganda,UGA,2012,1953
Uganda,UGA,2013,1866
Uganda,UGA,2014,1767
Uganda,UGA,2015,1786
Uganda,UGA,2016,1880
Uganda,UGA,2017,1823
Uganda,UGA,2018,1897
Uganda,UGA,2019,2033
Ukraine,UKR,2000,19082
Ukraine,UKR,2001,17754
Ukraine,UKR,2002,17289
Ukraine,UKR,2003,16393
Ukraine,UKR,2004,15968
Ukraine,UKR,2005,15848
Ukraine,UKR,2006,14345
Ukraine,UKR,2007,14590
Ukraine,UKR,2008,14252
Ukraine,UKR,2009,12073
Ukraine,UKR,2010,11202
Ukraine,UKR,2011,10511
Ukraine,UKR,2012,10505
Ukraine,UKR,2013,10250
Ukraine,UKR,2014,10985
Ukraine,UKR,2015,9713
Ukraine,UKR,2016,9547
Ukraine,UKR,2017,9177
Ukraine,UKR,2018,9693
Ukraine,UKR,2019,9517
United Arab Emirates,ARE,2000,270
United Arab Emirates,ARE,2001,283
United Arab Emirates,ARE,2002,279
United Arab Emirates,ARE,2003,278
United Arab Emirates,ARE,2004,315
United Arab Emirates,ARE,2005,362
United Arab Emirates,ARE,2006,442
United Arab Emirates,ARE,2007,514
United Arab Emirates,ARE,2008,601
United Arab Emirates,ARE,2009,672
United Arab Emirates,ARE,2010,716
United Arab Emirates,ARE,2011,729
United Arab Emirates,ARE,2012,719
United Arab Emirates,ARE,2013,689
United Arab Emirates,ARE,2014,646
United Arab Emirates,ARE,2015,600
United Arab Emirates,ARE,2016,557
United Arab Emirates,ARE,2017,531
United Arab Emirates,ARE,2018,581
United Arab Emirates,ARE,2019,628
United Kingdom,GBR,2000,5036
United Kingdom,GBR,2001,4898
United Kingdom,GBR,2002,4915
United Kingdom,GBR,2003,4715
United Kingdom,GBR,2004,4893
United Kingdom,GBR,2005,4740
United Kingdom,GBR,2006,4738
United Kingdom,GBR,2007,4658
United Kingdom,GBR,2008,5048
United Kingdom,GBR,2009,5029
United Kingdom,GBR,2010,4970
United Kingdom,GBR,2011,5299
United Kingdom,GBR,2012,5317
United Kingdom,GBR,2013,5711
United Kingdom,GBR,2014,5643
United Kingdom,GBR,2015,5808
United Kingdom,GBR,2016,5625
United Kingdom,GBR,2017,5485
United Kingdom,GBR,2018,5418
United Kingdom,GBR,2019,5325
United States,USA,2000,31062
United States,USA,2001,32420
United States,USA,2002,33809
United States,USA,2003,33905
United States,USA,2004,34814
United States,USA,2005,34996
United States,USA,2006,36113
United States,USA,2007,37305
United States,USA,2008,38505
United States,USA,2009,39095
United States,USA,2010,40482
United States,USA,2011,41722
United States,USA,2012,42435
United States,USA,2013,42870
United States,USA,2014,44519
United States,USA,2015,46204
United States,USA,2016,48935
United States,USA,2017,51643
United States,USA,2018,51298
United States,USA,2019,53099
Uruguay,URY,2000,531
Uruguay,URY,2001,481
Uruguay,URY,2002,658
Uruguay,URY,2003,518
Uruguay,URY,2004,508
Uruguay,URY,2005,490
Uruguay,URY,2006,515
Uruguay,URY,2007,581
Uruguay,URY,2008,504
Uruguay,URY,2009,501
Uruguay,URY,2010,536
Uruguay,URY,2011,566
Uruguay,URY,2012,602
Uruguay,URY,2013,537
Uruguay,URY,2014,592
Uruguay,URY,2015,636
Uruguay,URY,2016,723
Uruguay,URY,2017,714
Uruguay,URY,2018,730
Uruguay,URY,2019,735
Uzbekistan,UZB,2000,2499
Uzbekistan,UZB,2001,2518
Uzbekistan,UZB,2002,2477
Uzbekistan,UZB,2003,2324
Uzbekistan,UZB,2004,2250
Uzbekistan,UZB,2005,2405
Uzbekistan,UZB,2006,2352
Uzbekistan,UZB,2007,2347
Uzbekistan,UZB,2008,2334
Uzbekistan,UZB,2009,2231
Uzbekistan,UZB,2010,2312
Uzbekistan,UZB,2011,2448
Uzbekistan,UZB,2012,2632
Uzbekistan,UZB,2013,2661
Uzbekistan,UZB,2014,2730
Uzbekistan,UZB,2015,2832
Uzbekistan,UZB,2016,2874
Uzbekistan,UZB,2017,2809
Uzbekistan,UZB,2018,2775
Uzbekistan,UZB,2019,2653
Vanuatu,VUT,2000,35
Vanuatu,VUT,2001,36
Vanuatu,VUT,2002,37
Vanuatu,VUT,2003,38
Vanuatu,VUT,2004,38
Vanuatu,VUT,2005,38
Vanuatu,VUT,2006,41
Vanuatu,VUT,2007,42
Vanuatu,VUT,2008,42
Vanuatu,VUT,2009,45
Vanuatu,VUT,2010,46
Vanuatu,VUT,2011,46
Vanuatu,VUT,2012,48
Vanuatu,VUT,2013,48
Vanuatu,VUT,2014,48
Vanuatu,VUT,2015,49
Vanuatu,VUT,2016,50
Vanuatu,VUT,2017,52
Vanuatu,VUT,2018,53
Vanuatu,VUT,2019,54
Venezuela,VEN,2000,1317
Venezuela,VEN,2001,1409
Venezuela,VEN,2002,1350
Venezuela,VEN,2003,1253
Venezuela,VEN,2004,1177
Venezuela,VEN,2005,1149
Venezuela,VEN,2006,1059
Venezuela,VEN,2007,1009
Venezuela,VEN,2008,953
Venezuela,VEN,2009,897
Venezuela,VEN,2010,972
Venezuela,VEN,2011,1029
Venezuela,VEN,2012,945
Venezuela,VEN,2013,735
Venezuela,VEN,2014,639
Venezuela,VEN,2015,678
Venezuela,VEN,2016,654
Venezuela,VEN,2017,634
Venezuela,VEN,2018,621
Venezuela,VEN,2019,585
Vietnam,VNM,2000,4871
Vietnam,VNM,2001,4948
Vietnam,VNM,2002,4949
Vietnam,VNM,2003,5049
Vietnam,VNM,2004,5202
Vietnam,VNM,2005,5250
Vietnam,VNM,2006,5430
Vietnam,VNM,2007,5701
Vietnam,VNM,2008,5948
Vietnam,VNM,2009,6042
Vietnam,VNM,2010,6156
Vietnam,VNM,2011,6370
Vietnam,VNM,2012,6620
Vietnam,VNM,2013,6762
Vietnam,VNM,2014,6999
Vietnam,VNM,2015,7100
Vietnam,VNM,2016,7205
Vietnam,VNM,2017,7267
Vietnam,VNM,2018,7266
Vietnam,VNM,2019,7249
World,OWID_WRL,2000,791852
World,OWID_WRL,2001,770375
World,OWID_WRL,2002,763912
World,OWID_WRL,2003,770138
World,OWID_WRL,2004,775921
World,OWID_WRL,2005,779430
World,OWID_WRL,2006,762765
World,OWID_WRL,2007,753965
World,OWID_WRL,2008,755457
World,OWID_WRL,2009,750737
World,OWID_WRL,2010,748423
World,OWID_WRL,2011,741046
World,OWID_WRL,2012,727083
World,OWID_WRL,2013,716401
World,OWID_WRL,2014,704600
World,OWID_WRL,2015,695106
World,OWID_WRL,2016,692206
World,OWID_WRL,2017,693968
World,OWID_WRL,2018,703365
World,OWID_WRL,2019,703223
Yemen,YEM,2000,1057
Yemen,YEM,2001,1083
Yemen,YEM,2002,1092
Yemen,YEM,2003,1116
Yemen,YEM,2004,1169
Yemen,YEM,2005,1189
Yemen,YEM,2006,1207
Yemen,YEM,2007,1236
Yemen,YEM,2008,1308
Yemen,YEM,2009,1322
Yemen,YEM,2010,1317
Yemen,YEM,2011,1339
Yemen,YEM,2012,1397
Yemen,YEM,2013,1425
Yemen,YEM,2014,1466
Yemen,YEM,2015,1460
Yemen,YEM,2016,1552
Yemen,YEM,2017,1554
Yemen,YEM,2018,1671
Yemen,YEM,2019,1698
Zambia,ZMB,2000,1385
Zambia,ZMB,2001,1321
Zambia,ZMB,2002,1330
Zambia,ZMB,2003,1302
Zambia,ZMB,2004,1404
Zambia,ZMB,2005,1412
Zambia,ZMB,2006,1419
Zambia,ZMB,2007,1293
Zambia,ZMB,2008,1249
Zambia,ZMB,2009,1288
Zambia,ZMB,2010,1381
Zambia,ZMB,2011,1437
Zambia,ZMB,2012,1361
Zambia,ZMB,2013,1355
Zambia,ZMB,2014,1386
Zambia,ZMB,2015,1384
Zambia,ZMB,2016,1385
Zambia,ZMB,2017,1437
Zambia,ZMB,2018,1408
Zambia,ZMB,2019,1303
Zimbabwe,ZWE,2000,1578
Zimbabwe,ZWE,2001,1527
Zimbabwe,ZWE,2002,1600
Zimbabwe,ZWE,2003,1577
Zimbabwe,ZWE,2004,1703
Zimbabwe,ZWE,2005,1688
Zimbabwe,ZWE,2006,1748
Zimbabwe,ZWE,2007,2113
Zimbabwe,ZWE,2008,2494
Zimbabwe,ZWE,2009,2778
Zimbabwe,ZWE,2010,2731
Zimbabwe,ZWE,2011,2669
Zimbabwe,ZWE,2012,2580
Zimbabwe,ZWE,2013,2479
Zimbabwe,ZWE,2014,2469
Zimbabwe,ZWE,2015,2481
Zimbabwe,ZWE,2016,2350
Zimbabwe,ZWE,2017,2139
Zimbabwe,ZWE,2018,2022
Zimbabwe,ZWE,2019,2069